the,4329
and,3028
i,2766
of,2756
to,2167
my,1751
a,1439
in,1180
was,1021
that,1019
me,853
with,713
had,686
but,681
you,612
he,599
which,565
it,544
his,533
as,529
not,528
for,516
by,483
on,469
this,438
from,400
be,373
her,371
have,367
is,330
at,330
when,321
were,308
your,255
or,253
she,249
him,220
an,214
all,213
so,209
if,208
they,204
will,199
one,199
could,197
are,190
been,190
their,184
would,183
we,180
no,177
who,174
more,165
should,155
these,151
now,151
yet,149
before,147
some,146
myself,135
our,130
its,129
man,129
upon,128
what,126
only,125
them,125
am,124
into,124
do,121
any,121
did,119
may,113
life,112
than,112
father,109
first,108
might,108
then,108
every,106
shall,106
own,106
eyes,104
can,102
said,102
time,97
even,96
being,95
towards,94
saw,94
those,92
most,91
such,90
found,90
other,88
project,86
mind,85
how,85
night,84
again,82
whom,81
elizabeth,81
day,80
felt,79
where,79
ever,78
there,78
work,78
heart,76
feelings,76
after,76
death,75
must,74
thought,74
very,74
up,73
“i,71
many,70
made,70
dear,68
also,68
soon,68
friend,68
still,68
passed,67
while,67
never,66
during,66
has,65
miserable,64
same,63
heard,62
few,62
became,61
about,61
like,61
us,61
thus,61
sometimes,60
place,59
human,58
over,57
love,57
appeared,57
little,56
indeed,56
gutenberg-tm,56
often,55
clerval,54
country,53
see,53
although,53
misery,53
away,52
until,52
words,52
among,51
nature,51
old,51
hope,51
friends,51
cottage,51
cannot,50
whose,50
several,50
return,50
days,50
justine,50
through,49
great,49
happiness,49
chapter,48
feel,48
know,48
despair,48
long,47
voice,46
felix,46
sun,45
years,45
another,45
happy,45
world,44
much,44
men,44
alone,44
scene,44
part,43
poor,43
horror,43
well,42
new,42
came,42
light,41
creature,41
almost,40
joy,40
affection,40
out,40
works,40
far,39
ice,39
make,39
without,38
power,38
fear,38
months,38
nothing,38
thoughts,38
two,38
countenance,38
entered,38
near,37
possessed,37
himself,37
therefore,37
morning,37
house,37
moment,37
soul,36
seemed,36
earth,36
hands,36
pleasure,36
took,36
mountains,36
journey,36
good,35
nor,35
within,35
cause,35
left,35
hours,34
down,34
gentle,34
come,34
spirit,34
around,34
last,33
letter,33
already,33
become,33
discovered,33
taken,33
kind,33
however,33
lost,33
geneva,33
idea,33
here,32
sea,32
child,32
whole,32
resolved,32
once,32
“the,32
strange,32
rest,32
remained,32
knowledge,32
tale,32
knew,32
continued,32
gave,32
under,31
cold,31
read,31
spirits,31
manner,31
tears,31
returned,31
sensations,31
nearly,31
beheld,31
existence,31
believe,31
peace,31
family,31
mother,31
room,31
delight,30
present,30
too,30
young,30
why,30
appearance,30
form,30
companion,30
full,30
terms,29
gutenberg,29
arrived,29
think,29
loved,29
change,29
state,29
looked,29
monster,29
fiend,29
native,28
began,28
placed,28
lay,28
brought,28
grief,28
endeavoured,28
each,28
lake,28
beautiful,28
sister,27
wind,27
beauty,27
thousand,27
various,27
science,27
greatest,27
kindness,27
desire,27
replied,27
air,27
length,27
let,27
forth,27
hardly,27
electronic,27
frankenstein,26
feeling,26
mine,26
since,26
others,26
quickly,26
town,26
perceived,26
rather,26
girl,26
beloved,26
suddenly,26
ground,26
dark,26
seek,26
concerning,26
called,26
fellow,26
expressed,26
yourself,26
hand,26
means,26
lovely,26
wood,26
food,26
free,26
agony,26
sight,25
greater,25
spent,25
sat,25
died,25
desired,25
head,25
fire,25
murderer,25
give,24
turned,24
hour,24
occupied,24
having,24
fixed,24
degree,24
end,24
wretched,24
spoke,24
filled,24
live,24
henry,24
natural,24
always,24
anguish,24
rage,24
evil,23
imagination,23
body,23
endured,23
destroyed,23
creatures,23
sweet,23
home,23
door,23
longer,23
wish,23
promise,22
itself,22
leave,22
lived,22
remain,22
oh,22
appear,22
find,22
quitted,22
care,22
say,22
take,22
attention,22
die,22
victor,22
beings,22
followed,22
“my,22
sound,22
dead,22
m,22
destroy,22
enemy,22
wretch,22
unable,22
cottagers,22
agatha,22
safie,22
foundation,22
set,21
remember,21
father’s,21
sleep,21
answer,21
hopes,21
perhaps,21
brother,21
object,21
true,21
person,21
youth,21
wonder,21
observed,21
stranger,21
destruction,21
suffered,21
future,21
received,21
account,21
formed,21
against,21
moon,21
vengeance,21
revenge,21
use,20
language,20
england,20
hear,20
calm,20
sufficient,20
creation,20
acquainted,20
cousin,20
between,20
look,20
way,20
went,20
wished,20
deeply,20
drew,20
face,20
entirely,20
different,20
woman,20
visit,20
allowed,20
trees,20
william,20
murder,20
task,19
just,19
heaven,19
history,19
study,19
purpose,19
path,19
blood,19
easily,19
sympathy,19
high,19
progress,19
seen,19
enter,19
melancholy,19
health,19
manners,19
“you,19
steps,19
learned,19
covered,19
exclaimed,19
sank,19
dared,19
pain,19
murdered,19
approached,19
spot,19
land,18
discovery,18
eye,18
courage,18
necessary,18
engaged,18
none,18
continually,18
surrounded,18
god,18
small,18
deep,18
unhappy,18
sought,18
conversation,18
memory,18
course,18
rendered,18
events,18
endure,18
fell,18
given,18
children,18
opened,18
subject,18
departure,18
go,18
creator,18
thy,18
agreement,18
understand,17
discover,17
visited,17
dream,17
wonderful,17
because,17
consolation,17
fate,17
half,17
something,17
letters,17
support,17
determined,17
moments,17
does,17
across,17
dæmon,17
led,17
passion,17
retired,17
reflect,17
innocent,17
laws,17
son,17
ill,17
afterwards,17
proceeded,17
pursue,17
quit,17
black,17
short,17
labours,17
innocence,17
boat,16
reflections,16
names,16
vessel,16
period,16
pass,16
name,16
instantly,16
pursuit,16
bound,16
restored,16
asked,16
seized,16
misfortunes,16
scenes,16
united,16
rose,16
lips,16
mountain,16
heavens,16
ingolstadt,16
dearest,16
extreme,16
information,16
sounds,16
walked,16
wept,16
bitter,16
water,16
license,15
produced,15
put,15
voyage,15
early,15
solitude,15
overcome,15
union,15
marriage,15
silent,15
back,15
distance,15
speak,15
expression,15
powers,15
public,15
unfortunate,15
whether,15
shore,15
states,15
misfortune,15
philosophy,15
alas,15
departed,15
sorrow,15
smiles,15
view,15
awoke,15
darkness,15
close,15
crime,15
rain,15
right,15
reflected,15
cried,15
remorse,15
horrible,15
donations,15
snow,14
curiosity,14
agitation,14
point,14
allow,14
thirst,14
admiration,14
excellent,14
word,14
herself,14
former,14
describe,14
open,14
recovered,14
sufferings,14
people,14
frame,14
except,14
amiable,14
tried,14
paused,14
told,14
sky,14
daughter,14
wretchedness,14
bed,14
benevolent,14
tranquillity,14
bestow,14
presence,14
capable,14
ideas,14
strength,14
forward,14
created,14
literary,14
wandered,14
past,14
society,14
waves,14
moved,14
thou,14
understood,14
undertaking,13
north,13
vain,13
commence,13
secret,13
favourite,13
prospect,13
ocean,13
devoted,13
latter,13
meet,13
call,13
city,13
believed,13
story,13
feet,13
interest,13
winter,13
committed,13
besides,13
dare,13
advanced,13
scarcely,13
gone,13
addressed,13
feared,13
pursued,13
instant,13
watching,13
reflection,13
ought,13
presently,13
above,13
truth,13
next,13
frightful,13
circumstances,13
labour,13
behold,13
charge,13
victim,13
presented,13
silence,13
enjoyed,13
directed,13
threw,13
less,13
along,13
gained,13
surprised,13
arabian,13
remembered,13
“it,13
reason,13
hatred,13
magistrate,13
prison,13
crimes,13
mighty,13
comply,13
hovel,13
employed,13
protectors,13
mr,13
copyright,13
archive,13
copy,12
modern,12
de,12
success,12
hitherto,12
expected,12
danger,12
river,12
ardour,12
increased,12
want,12
branches,12
pleasant,12
endeavour,12
wild,12
books,12
age,12
greatly,12
sense,12
best,12
paid,12
bestowed,12
remains,12
sensation,12
themselves,12
round,12
sledge,12
excited,12
shut,12
limbs,12
fatigue,12
degrees,12
off,12
fled,12
promised,12
better,12
divine,12
doubt,12
event,12
destiny,12
least,12
justice,12
fair,12
turn,12
village,12
occupations,12
evening,12
passions,12
obliged,12
studies,12
companions,12
dreams,12
listened,12
conceived,12
plan,12
“how,12
objects,12
cheerful,12
torture,12
mont,12
cast,12
virtue,12
access,12
woods,12
clouds,12
hunger,12
kirwin,12
eternal,11
possible,11
enthusiasm,11
demand,11
three,11
certainly,11
ceased,11
enough,11
lady,11
money,11
honour,11
noble,11
spring,11
considered,11
picture,11
warmth,11
experienced,11
assured,11
stars,11
accordingly,11
vast,11
follow,11
satisfied,11
fresh,11
duty,11
gloom,11
“and,11
fancy,11
broken,11
compassion,11
pity,11
utterly,11
suffer,11
things,11
listen,11
duties,11
related,11
rapidly,11
wife,11
clear,11
blue,11
species,11
hills,11
permission,11
following,11
learn,11
gazed,11
behind,11
utter,11
arrive,11
urged,11
longed,11
trembled,11
difficulty,11
thing,11
beneath,11
approach,11
tell,11
surely,11
ernest,11
inhabitants,11
times,11
weep,11
waters,11
condemned,11
carried,11
associated,11
provided,11
dreadful,11
paragraph,11
ebook,10
enterprise,10
breeze,10
margaret,10
render,10
ardent,10
mankind,10
obtain,10
sailors,10
accustomed,10
bitterly,10
reality,10
gentleness,10
circumstance,10
considerable,10
consent,10
turk,10
ignorant,10
conceive,10
safety,10
write,10
receive,10
apparently,10
ardently,10
figure,10
sides,10
situation,10
distant,10
supposed,10
afford,10
deprived,10
act,10
ask,10
repose,10
burning,10
agree,10
aid,10
express,10
storm,10
poverty,10
mean,10
procure,10
parents,10
both,10
five,10
hard,10
known,10
garden,10
stood,10
shone,10
changed,10
gloomy,10
sad,10
instead,10
returning,10
terrible,10
explanation,10
fever,10
persuade,10
forget,10
white,10
solitary,10
residence,10
marked,10
including,10
attempt,10
collected,10
caused,10
leaves,10
guilty,10
rushed,10
corpse,10
hideous,10
hell,10
court,10
recollection,10
superior,10
pressed,10
switzerland,10
guilt,10
terror,10
forms,10
fears,10
abhorred,10
thee,10
blind,10
paris,10
trademark,10
refund,10
anyone,9
english,9
accompanied,9
passage,9
uncle,9
imagined,9
fortune,9
bent,9
depart,9
done,9
month,9
able,9
together,9
weather,9
season,9
fearful,9
smile,9
warm,9
witnesses,9
possession,9
alive,9
surprise,9
attempted,9
attended,9
madness,9
illness,9
restore,9
violence,9
fallen,9
case,9
evidence,9
partly,9
“but,9
distinguished,9
endeavouring,9
hastened,9
provide,9
meantime,9
hoped,9
arms,9
enjoyment,9
distributing,9
living,9
looking,9
eagerly,9
nurse,9
looks,9
contemplated,9
lives,9
general,9
dwelling,9
thrown,9
disappeared,9
occasion,9
slight,9
immediate,9
desert,9
whilst,9
countenances,9
met,9
apartment,9
krempe,9
beginning,9
waldman,9
performed,9
escape,9
really,9
animal,9
relate,9
unless,9
effect,9
forced,9
lifeless,9
grasp,9
claim,9
remembrance,9
fields,9
convinced,9
fall,9
window,9
excess,9
bosom,9
cloud,9
aunt,9
relieve,9
“this,9
neck,9
trace,9
trial,9
move,9
taking,9
valley,9
hid,9
rock,9
hate,9
cursed,9
curse,9
uttered,9
struck,9
arose,9
lacey,9
sunk,9
miseries,9
fee,9
character,8
london,8
year,8
worked,8
consider,8
resolution,8
proceed,8
deck,8
ambition,8
lose,8
ship,8
question,8
gratitude,8
execution,8
magnificent,8
need,8
useless,8
wide,8
finding,8
master,8
secure,8
conduct,8
astonishing,8
otherwise,8
impossible,8
going,8
continue,8
summer,8
sake,8
happened,8
papers,8
stretched,8
large,8
loose,8
side,8
condition,8
cabin,8
teeth,8
guest,8
doubtless,8
judge,8
watch,8
notice,8
improved,8
detail,8
failed,8
burst,8
strongly,8
quick,8
direct,8
thank,8
ears,8
younger,8
retreat,8
ten,8
hold,8
exertion,8
procured,8
straw,8
virtues,8
single,8
beyond,8
week,8
angel,8
hair,8
shed,8
nearer,8
delighted,8
violent,8
confess,8
neither,8
perfectly,8
amidst,8
doing,8
agrippa,8
ancient,8
fatal,8
ruin,8
regard,8
search,8
thunder,8
sudden,8
blasted,8
anything,8
anxiety,8
exhibited,8
familiar,8
bitterness,8
tear,8
descended,8
pleased,8
professor,8
instruments,8
apply,8
impressed,8
succeeded,8
summit,8
prepared,8
passing,8
disturbed,8
vice,8
affections,8
complete,8
emotions,8
slept,8
held,8
refuge,8
inhabited,8
minutes,8
seeing,8
sincerely,8
servant,8
arrival,8
“do,8
senses,8
“when,8
confirmed,8
lively,8
instrument,8
delay,8
daily,8
additional,8
waited,8
blanc,8
deformity,8
devil,8
rising,8
cease,8
winds,8
speech,8
shadow,8
“that,8
criminal,8
refuse,8
join,8
obscure,8
banks,8
rise,8
solemn,8
desolate,8
either,8
hasten,8
gain,8
help,8
copies,8
create,8
domain,8
date,7
3,7
4,7
17—,7
play,7
cheeks,7
persuaded,7
features,7
wondrous,7
benefit,7
regret,7
bore,7
commenced,7
hired,7
glory,7
wealth,7
firm,7
required,7
favourable,7
fly,7
walking,7
remaining,7
fail,7
save,7
affectionate,7
walton,7
step,7
satisfy,7
absence,7
plans,7
ran,7
added,7
intense,7
fortunate,7
ago,7
lover,7
suppose,7
toils,7
immense,7
expect,7
reached,7
speedily,7
content,7
endeavours,7
closed,7
thick,7
o’clock,7
dogs,7
shape,7
stature,7
busy,7
animation,7
quantity,7
showed,7
slow,7
benevolence,7
weight,7
keep,7
aspect,7
animated,7
appears,7
art,7
arguments,7
overcame,7
tranquil,7
enjoy,7
friendship,7
expressive,7
fit,7
perceive,7
determination,7
wishes,7
console,7
prepare,7
strong,7
raised,7
birth,7
unknown,7
saved,7
plain,7
chamber,7
sorrows,7
elapsed,7
attached,7
draw,7
distinct,7
application,7
sublime,7
peaceful,7
real,7
bright,7
confined,7
described,7
discoveries,7
beside,7
obtained,7
hanging,7
taught,7
university,7
malignity,7
extinguished,7
perform,7
convey,7
mentioned,7
connected,7
unlike,7
mild,7
certain,7
turning,7
laboratory,7
occupation,7
written,7
simple,7
lead,7
materials,7
speed,7
toil,7
tremendous,7
oppressed,7
agitated,7
finished,7
escaped,7
mortal,7
hurried,7
dread,7
opposite,7
serene,7
permitted,7
moritz,7
induced,7
gay,7
troubled,7
accused,7
harsh,7
hide,7
conjectured,7
enemies,7
snowy,7
terrific,7
precipices,7
crept,7
indignation,7
dispositions,7
hellish,7
prove,7
extinguish,7
sentence,7
malice,7
bare,7
sink,7
heat,7
roused,7
effects,7
dry,7
experience,7
“as,7
answered,7
inhabit,7
portion,7
threat,7
fulfil,7
ebooks,7
section,7
author,6
1,6
regarded,6
walk,6
streets,6
northern,6
travelled,6
regions,6
gives,6
desolation,6
visible,6
horizon,6
trust,6
preceding,6
seas,6
education,6
neglected,6
fond,6
disappointment,6
second,6
entreated,6
raise,6
sustain,6
motion,6
dress,6
motionless,6
exercise,6
weeks,6
owner,6
intend,6
farewell,6
medium,6
company,6
conviction,6
humanity,6
board,6
assist,6
disposition,6
generous,6
“what,6
conception,6
trembling,6
alarmed,6
traversed,6
bear,6
opportunity,6
incidents,6
record,6
triumph,6
bless,6
august,6
accident,6
direction,6
attracted,6
low,6
rapid,6
miles,6
perish,6
perceiving,6
astonishment,6
hearing,6
fainted,6
signs,6
removed,6
interesting,6
generally,6
questions,6
multitude,6
gradually,6
begin,6
constant,6
communicated,6
favour,6
minute,6
accents,6
lot,6
"you,”",6
everything,6
music,6
“for,6
fulfilled,6
embraced,6
merchant,6
beaufort,6
credit,6
abode,6
employment,6
grew,6
conducted,6
soft,6
immediately,6
italy,6
infant,6
train,6
liberty,6
property,6
rude,6
pretty,6
majestic,6
avoid,6
arise,6
genius,6
facts,6
inn,6
cornelius,6
penetrate,6
entering,6
attend,6
stream,6
vanished,6
effort,6
joined,6
expectation,6
accompany,6
late,6
spend,6
intended,6
guide,6
produce,6
merely,6
particularly,6
chemical,6
lessons,6
irksome,6
horrors,6
fine,6
cheek,6
nay,6
arranging,6
bounds,6
pale,6
grave,6
tremble,6
renewed,6
absent,6
preserve,6
disturb,6
doomed,6
amusement,6
started,6
wet,6
weighed,6
seldom,6
aloud,6
loud,6
alteration,6
placid,6
lower,6
dissipate,6
conscience,6
altered,6
entreat,6
used,6
declined,6
design,6
field,6
hated,6
intercourse,6
ecstasy,6
notwithstanding,6
peasants,6
welcome,6
rested,6
prevent,6
examined,6
“your,6
hung,6
elevated,6
south,6
delirium,6
below,6
earnestly,6
exist,6
proved,6
deadly,6
mockery,6
qualities,6
sorrowful,6
borne,6
judges,6
violently,6
chief,6
mad,6
“oh,6
blessed,6
survive,6
comfort,6
woe,6
interrupted,6
base,6
lest,6
abhorrence,6
utmost,6
injustice,6
destroyer,6
played,6
glorious,6
chance,6
wound,6
arm,6
increase,6
neighbourhood,6
harmless,6
distinguish,6
berries,6
chosen,6
writing,6
concealed,6
leghorn,6
force,6
fury,6
exhausted,6
haunted,6
fiendish,6
request,6
september,6
rhine,6
agreed,6
mark,6
creating,6
landed,6
prey,6
distribute,6
distribution,6
web,6
tax,6
volunteers,6
2,5
st,5
commencement,5
assure,5
seat,5
frost,5
perpetual,5
banished,5
wonders,5
celestial,5
foot,5
false,5
reach,5
dying,5
visions,5
paradise,5
common,5
physical,5
captain,5
fortitude,5
agreeable,5
difference,5
archangel,5
fortnight,5
sail,5
ah,5
succeed,5
collecting,5
severe,5
necessity,5
languages,5
beat,5
phrase,5
usual,5
respect,5
peculiarly,5
sum,5
consented,5
destined,5
remainder,5
delayed,5
permit,5
mist,5
dangerous,5
dearer,5
tenderly,5
dangers,5
shores,5
accidents,5
encounter,5
somewhat,5
anxious,5
gigantic,5
guided,5
apparition,5
broke,5
someone,5
island,5
whither,5
suffering,5
understanding,5
lighted,5
tormented,5
assumed,5
“to,5
drawing,5
inquired,5
certainty,5
midnight,5
eagerness,5
weak,5
interested,5
unparalleled,5
eloquence,5
frequently,5
warmed,5
man’s,5
race,5
fingers,5
share,5
slave,5
touched,5
afforded,5
overwhelmed,5
causes,5
relation,5
occurrences,5
series,5
renew,5
mistaken,5
leisure,5
dwell,5
formerly,5
rank,5
pride,5
worthy,5
conceal,5
situated,5
welcomed,5
sickness,5
knelt,5
coffin,5
worth,5
yield,5
previous,5
france,5
rambles,5
active,5
making,5
cottages,5
number,5
gathered,5
explained,5
powerful,5
result,5
protect,5
contrast,5
league,5
temper,5
crowd,5
boy,5
childhood,5
law,5
secrets,5
glance,5
exquisite,5
joys,5
book,5
pains,5
contented,5
impulse,5
studied,5
philosophers,5
sir,5
deeper,5
authors,5
jura,5
tree,5
shattered,5
consideration,5
completion,5
sickened,5
ties,5
mutual,5
domestic,5
brothers,5
desires,5
professors,5
contempt,5
lecture,5
chemistry,5
chiefly,5
ascend,5
possess,5
“these,5
subjects,5
applied,5
continual,5
improvement,5
incident,5
stay,5
endued,5
revolved,5
observe,5
reserved,5
painful,5
source,5
supported,5
filthy,5
loathing,5
conclusion,5
proof,5
loathsome,5
swallowed,5
taste,5
spared,5
nervous,5
sustained,5
horrid,5
disgust,5
clothes,5
listening,5
gates,5
poured,5
road,5
knows,5
glad,5
equal,5
dreaded,5
darted,5
breakfast,5
struggled,5
extent,5
action,5
exertions,5
faces,5
probably,5
darling,5
cares,5
please,5
“why,5
sympathised,5
environs,5
flowers,5
truly,5
news,5
grass,5
“he,5
conveyed,5
hastily,5
deed,5
minds,5
summits,5
drops,5
alps,5
shuddered,5
servants,5
appalling,5
confused,5
mournful,5
guiltless,5
torn,5
confessed,5
dressed,5
perfect,5
tortures,5
tore,5
lie,5
threatened,5
boundary,5
ye,5
fill,5
pause,5
freely,5
mischief,5
intentions,5
wickedness,5
talked,5
sent,5
chamounix,5
higher,5
avalanche,5
glacier,5
scattered,5
cut,5
leaning,5
rivers,5
apparent,5
seize,5
begone,5
abhor,5
detested,5
hut,5
motives,5
descend,5
heavy,5
forest,5
innumerable,5
rang,5
birds,5
mode,5
setting,5
milk,5
windows,5
habitation,5
treatment,5
occur,5
pronounced,5
despondency,5
enabled,5
pile,5
viewed,5
sights,5
kissed,5
occurred,5
green,5
groans,5
dungeon,5
deliverer,5
reward,5
french,5
female,5
image,5
soothed,5
driven,5
chair,5
everlasting,5
using,5
anger,5
blast,5
insurmountable,5
swear,5
obtaining,5
islands,5
lakes,5
scotland,5
oxford,5
feverish,5
beach,5
distributed,5
deserts,5
adversary,5
displaying,5
hardships,5
compliance,5
1.e.1,5
posted,5
replacement,5
limited,5
mary,4
wollstonecraft,4
godwin,4
shelley,4
included,4
online,4
further,4
mrs,4
saville,4
disaster,4
yesterday,4
confidence,4
fills,4
advancing,4
try,4
pole,4
region,4
wafted,4
induce,4
expedition,4
countries,4
fix,4
voyages,4
surround,4
composed,4
reading,4
poets,4
six,4
nights,4
theory,4
advantage,4
dignity,4
luxury,4
depressed,4
theirs,4
wrapped,4
seated,4
veins,4
march,4
encompassed,4
sympathise,4
reply,4
romantic,4
impatient,4
becoming,4
rugged,4
cultivation,4
well-known,4
equally,4
moderate,4
informed,4
married,4
renders,4
command,4
sooner,4
confide,4
preparing,4
attributed,4
attachment,4
height,4
blow,4
worse,4
yours,4
finish,4
probable,4
leaving,4
especially,4
drawn,4
watched,4
traveller,4
freed,4
fact,4
accent,4
resource,4
exchanged,4
frozen,4
ate,4
service,4
depended,4
me.”,4
travel,4
journal,4
wreck,4
sacrifice,4
pay,4
spread,4
fast,4
imagine,4
composure,4
converse,4
seem,4
judgment,4
add,4
evils,4
alter,4
sting,4
useful,4
pursuing,4
deemed,4
laughter,4
unacquainted,4
narrative,4
wait,4
notes,4
thin,4
respected,4
variety,4
decline,4
numerous,4
assistance,4
interval,4
incapable,4
tenderness,4
attending,4
weeping,4
protection,4
ages,4
reverence,4
shelter,4
tour,4
born,4
helpless,4
owed,4
walks,4
peasant,4
four,4
cloudless,4
giving,4
nursed,4
rustic,4
lavenza,4
pleasures,4
morrow,4
childish,4
quite,4
strangers,4
swiss,4
tempest,4
scope,4
appearances,4
research,4
rapture,4
belrive,4
resided,4
talent,4
heroes,4
happier,4
delights,4
mingled,4
pursuits,4
eager,4
structure,4
inquiries,4
highest,4
relations,4
actions,4
loveliness,4
self,4
forgotten,4
narration,4
party,4
volume,4
dawn,4
page,4
waste,4
remark,4
explain,4
aside,4
paracelsus,4
imbued,4
spite,4
branch,4
struggle,4
reasoning,4
twenty,4
shock,4
shade,4
disdain,4
strangely,4
seems,4
ineffectual,4
entreaties,4
attentions,4
consequences,4
women,4
befitting,4
meeting,4
rent,4
ear,4
respite,4
mourning,4
alarm,4
unwilling,4
zeal,4
sunshine,4
restrained,4
deceived,4
delivered,4
principal,4
influence,4
saying,4
wrote,4
paths,4
masters,4
grand,4
ensuing,4
deliver,4
concluded,4
mock,4
order,4
devote,4
smiled,4
decided,4
combined,4
apprehension,4
whence,4
cowardice,4
supernatural,4
examine,4
decay,4
worm,4
blooming,4
consummation,4
overwhelming,4
seemingly,4
believes,4
hesitated,4
operations,4
contrary,4
break,4
clung,4
unhallowed,4
tortured,4
habits,4
kept,4
plentiful,4
vines,4
transitory,4
plainly,4
slavery,4
drive,4
yellow,4
breathed,4
proportion,4
inanimate,4
tumult,4
belonging,4
miserably,4
ugly,4
dawned,4
asylum,4
bodily,4
grasped,4
eat,4
undertake,4
gazing,4
bottom,4
ascended,4
flesh,4
"victor,”",4
laugh,4
putting,4
knowing,4
origin,4
sentiments,4
revive,4
consumed,4
forgive,4
mention,4
“if,4
odious,4
hearts,4
madame,4
ignorance,4
recollect,4
“one,4
extremely,4
visits,4
autumn,4
“dear,4
thanked,4
mixture,4
relief,4
contemplate,4
soothing,4
selfish,4
delightful,4
throw,4
burden,4
tempted,4
vainly,4
exposed,4
“she,4
receiving,4
“are,4
offer,4
loss,4
bade,4
tedious,4
lightning,4
clouded,4
salêve,4
lies,4
promontory,4
funeral,4
stole,4
endowed,4
inaccessible,4
ravings,4
venerable,4
painted,4
sentiment,4
flowed,4
pocket,4
suspicion,4
shake,4
calmed,4
intellect,4
safe,4
rely,4
solemnity,4
demanded,4
shown,4
bewildered,4
conjecture,4
address,4
acted,4
willingly,4
elizabeth’s,4
ignominy,4
parched,4
firmness,4
goodness,4
decide,4
crush,4
cheerfulness,4
victims,4
remove,4
preyed,4
inspire,4
walls,4
restless,4
inflamed,4
pilgrimage,4
assuredly,4
places,4
injury,4
dashing,4
displayed,4
ruined,4
castles,4
augmented,4
whispered,4
accumulated,4
stones,4
uniform,4
noon,4
wander,4
resolving,4
dust,4
extinction,4
sprang,4
eluded,4
caves,4
bleak,4
shudder,4
drink,4
animals,4
roots,4
flight,4
consisted,4
bread,4
travels,4
appetite,4
arranged,4
coarse,4
sadness,4
neighbouring,4
outside,4
method,4
comprehend,4
refreshed,4
guitar,4
“felix,4
descent,4
government,4
vow,4
accept,4
enthusiastic,4
spurned,4
exile,4
belonged,4
admire,4
werter,4
images,4
lofty,4
contained,4
towns,4
deserted,4
destroying,4
swiftness,4
voices,4
profound,4
hiding-place,4
suspense,4
scream,4
senseless,4
infancy,4
torment,4
transported,4
punishment,4
threats,4
collect,4
conjure,4
strasburgh,4
scenery,4
soothe,4
barrier,4
edinburgh,4
snatched,4
persons,4
selfishness,4
hateful,4
sailed,4
hailed,4
custom,4
requires,4
agonies,4
barred,4
“alas,4
ireland,4
distorted,4
vanish,4
editions,4
copying,4
mission,4
1.e.8,4
collection,4
individual,4
located,4
format,4
status,4
holder,4
fees,4
providing,4
requirements,4
site,4
1.f.3,4
contact,4
damages,4
cost,3
whatsoever,3
www.gutenberg.net,3
release,3
17,3
13,3
start,3
version,3
5,3
20,3
petersburgh,3
nerves,3
icy,3
inspirited,3
vivid,3
presents,3
disk,3
heavenly,3
bodies,3
tread,3
laborious,3
discovering,3
intellectual,3
accounts,3
purposes,3
library,3
learning,3
forbidden,3
failure,3
heavily,3
earlier,3
derive,3
practical,3
earnestness,3
valuable,3
services,3
deserve,3
ease,3
failing,3
opinion,3
excessive,3
intention,3
paying,3
engage,3
slowly,3
commit,3
paper,3
communication,3
cultivated,3
tastes,3
keeping,3
desirous,3
midst,3
mildness,3
integrity,3
refined,3
mistress,3
ceremony,3
spare,3
abandoned,3
bought,3
stock,3
refused,3
according,3
wholly,3
carelessness,3
dreadfully,3
remarkably,3
rashly,3
sufficiently,3
worn,3
disclose,3
passionate,3
execute,3
marvellous,3
belief,3
projects,3
southern,3
america,3
july,3
7th,3
lines,3
breathe,3
befallen,3
crown,3
wherefore,3
element,3
swelling,3
recording,3
atmosphere,3
cleared,3
plains,3
watchful,3
carriage,3
hundred,3
track,3
occurrence,3
fearing,3
breaking,3
savage,3
inform,3
brink,3
precious,3
boundless,3
emaciated,3
carry,3
measure,3
wildness,3
sweetness,3
trouble,3
idle,3
evidently,3
entire,3
relates,3
uneasy,3
intervals,3
flow,3
preceded,3
conversed,3
attentively,3
utterance,3
fervour,3
emotion,3
breast,3
cup,3
awakened,3
intimate,3
boast,3
blessing,3
beauties,3
merits,3
won,3
wisdom,3
gratification,3
moral,3
mysterious,3
internal,3
thanks,3
situations,3
indefatigable,3
business,3
perpetually,3
marrying,3
refrain,3
street,3
caroline,3
uncommon,3
contrived,3
pittance,3
orphan,3
closer,3
bonds,3
highly,3
value,3
show,3
inspired,3
strove,3
excite,3
attendant,3
germany,3
regarding,3
bring,3
consciousness,3
patience,3
offspring,3
disconsolate,3
worst,3
meal,3
distinction,3
sensibility,3
bearing,3
weakness,3
playing,3
motions,3
adored,3
shared,3
gift,3
harmony,3
characters,3
calmer,3
busied,3
shapes,3
changes,3
seasons,3
serious,3
earnest,3
gladness,3
earliest,3
wandering,3
eastern,3
principally,3
singular,3
songs,3
king,3
indulgence,3
rule,3
assisted,3
governments,3
outward,3
substance,3
meanwhile,3
recorded,3
swept,3
attempts,3
exploded,3
introduced,3
cursory,3
albertus,3
magnus,3
treasures,3
elements,3
uses,3
mystery,3
penetrated,3
disciple,3
scientific,3
diligence,3
banish,3
devils,3
fulfilment,3
current,3
reduced,3
catastrophe,3
deformed,3
entertained,3
foundations,3
constructed,3
ready,3
unusual,3
immutable,3
yielded,3
symptoms,3
supply,3
cheerfully,3
irreparable,3
void,3
actual,3
connection,3
sacrilege,3
ourselves,3
enchanting,3
recalled,3
idleness,3
chained,3
details,3
pretence,3
indulged,3
secluded,3
invincible,3
totally,3
steeple,3
introduction,3
omnipotent,3
uncouth,3
“have,3
“every,3
wasted,3
enlightened,3
list,3
lectures,3
omitted,3
disappointed,3
repulsive,3
conclusions,3
confusion,3
recent,3
views,3
annihilation,3
recollected,3
hairs,3
improvements,3
recesses,3
hiding-places,3
acquired,3
invisible,3
mechanism,3
thence,3
presumption,3
due,3
peculiar,3
sorry,3
sole,3
instructions,3
uncertain,3
exultation,3
capacity,3
esteem,3
intolerable,3
corruption,3
insupportable,3
degraded,3
examining,3
vision,3
madman,3
shine,3
bestowing,3
matter,3
obliterated,3
exhibit,3
muscles,3
doubted,3
parts,3
eight,3
proportionably,3
owe,3
unremitting,3
breathless,3
unnatural,3
separated,3
regularly,3
pardon,3
irresistible,3
possibly,3
interfere,3
empires,3
remind,3
checked,3
shunned,3
dreary,3
spark,3
burnt,3
infinite,3
selected,3
colour,3
forgetfulness,3
wildest,3
bloom,3
livid,3
enveloped,3
limb,3
dim,3
grin,3
wrinkled,3
spoken,3
demoniacal,3
pulse,3
languor,3
space,3
load,3
stopped,3
coming,3
standing,3
"frankenstein,”",3
college,3
‘i,3
lately,3
allude,3
forcibly,3
spectre,3
contain,3
frightened,3
astonished,3
witness,3
recovery,3
unbounded,3
wanderings,3
recurred,3
frequent,3
observing,3
convalescence,3
sick,3
“is,3
deserving,3
lying,3
guess,3
intelligence,3
dearly,3
activity,3
returns,3
career,3
fully,3
grateful,3
imitate,3
deaths,3
vivacity,3
gaiety,3
tall,3
approaching,3
rich,3
older,3
admired,3
everybody,3
“geneva,3
wounds,3
apparatus,3
previously,3
avail,3
inflicted,3
carefully,3
cruel,3
firmly,3
toward,3
affording,3
instruction,3
meaning,3
undisturbed,3
rejoiced,3
repeated,3
bounded,3
plainpalais,3
farther,3
print,3
temptation,3
“come,3
joyous,3
radiant,3
mourn,3
beholding,3
streams,3
cross,3
flash,3
exactly,3
darkened,3
mere,3
rocks,3
ascent,3
impenetrable,3
dated,3
insanity,3
“no,3
judged,3
deposition,3
charged,3
unhappiness,3
valued,3
"cousin,”",3
hopeless,3
slightest,3
smiling,3
thousands,3
murmur,3
defence,3
pretend,3
rests,3
ingratitude,3
sport,3
unmingled,3
throat,3
relied,3
severity,3
rob,3
declared,3
scaffold,3
corner,3
talk,3
awful,3
gnashed,3
hers,3
unfeeling,3
drop,3
torments,3
overflowed,3
plunge,3
wreak,3
desponding,3
remote,3
jewels,3
edge,3
discourse,3
kindly,3
affected,3
drove,3
nought,3
sensibly,3
plunged,3
ravine,3
arve,3
overhung,3
bend,3
picturesque,3
glaciers,3
exhaustion,3
pines,3
subdued,3
glittering,3
mists,3
veil,3
windings,3
enable,3
impression,3
impulses,3
blows,3
poison,3
recess,3
stupendous,3
swelled,3
exceed,3
unearthly,3
detestation,3
satiated,3
“be,3
thine,3
bliss,3
grant,3
crossed,3
original,3
oppressive,3
cloak,3
embers,3
dried,3
wants,3
damp,3
shrieked,3
quitting,3
cheese,3
recommence,3
vegetables,3
floor,3
pure,3
pail,3
demeanour,3
tools,3
silver,3
aged,3
barbarous,3
villagers,3
office,3
“they,3
chill,3
nourishment,3
store,3
“by,3
godlike,3
clue,3
tone,3
group,3
risen,3
bitterest,3
dispersed,3
tones,3
sang,3
rays,3
angelic,3
sparkled,3
diffused,3
airs,3
“in,3
considerably,3
ventured,3
abroad,3
ruins,3
virtuous,3
vicious,3
sensitive,3
degradation,3
clings,3
religion,3
chains,3
gestures,3
probability,3
christian,3
freedom,3
occupy,3
leagues,3
youthful,3
loathed,3
prolong,3
distress,3
alike,3
admirable,3
fortunately,3
lament,3
imaginations,3
monstrous,3
tumultuous,3
clearly,3
outcast,3
cherished,3
barren,3
fitted,3
revived,3
“‘do,3
particulars,3
beast,3
representations,3
gush,3
impatience,3
fired,3
scorn,3
wore,3
running,3
me.’,3
pieces,3
portrait,3
softened,3
sleeping,3
stirred,3
deny,3
sympathies,3
burned,3
wilds,3
fare,3
fixing,3
consume,3
fits,3
devouring,3
utility,3
mate,3
choice,3
precaution,3
possibility,3
exempt,3
machinations,3
pointed,3
landscape,3
shades,3
charm,3
retire,3
replete,3
check,3
perth,3
matlock,3
cumberland,3
tomb,3
roared,3
frenzy,3
persecutor,3
generations,3
ghastly,3
yes,3
sickening,3
reveries,3
quiet,3
fishing,3
vessels,3
fishermen,3
conscious,3
southwards,3
basket,3
avoided,3
shuddering,3
harbour,3
daniel,3
feeble,3
declare,3
send,3
exclamation,3
“yet,3
executed,3
cling,3
replace,3
fish,3
west,3
pistol,3
conflict,3
exert,3
devotion,3
snows,3
instigated,3
cracked,3
raft,3
incomplete,3
peril,3
brave,3
complying,3
derivative,3
entity,3
performing,3
links,3
paragraphs,3
1.e.7,3
1.e.9,3
official,3
user,3
royalty,3
applicable,3
donate,3
payments,3
defect,3
efforts,3
defective,3
equipment,3
disclaimer,3
liability,3
warranties,3
limitation,3
foundation's,3
u.s,3
email,3
anywhere,2
restrictions,2
re-use,2
title,2
prometheus,2
june,2
updated,2
judith,2
boss,2
christy,2
phillips,2
lynn,2
hanninen,2
david,2
meltzer,2
html,2
al,2
haines,2
corrections,2
menno,2
leeuw,2
contents,2
6,2
7,2
8,2
9,2
10,2
11,2
12,2
14,2
15,2
16,2
18,2
19,2
21,2
22,2
23,2
24,2
11th,2
forebodings,2
welfare,2
increasing,2
daydreams,2
fervent,2
broad,2
surpassing,2
globe,2
productions,2
example,2
phenomena,2
undiscovered,2
regulate,2
require,2
seeming,2
imprinted,2
enticements,2
feels,2
supposing,2
generation,2
elevates,2
steady,2
thomas’,2
volumes,2
inherited,2
dedicated,2
hardship,2
famine,2
mathematics,2
twice,2
actually,2
proud,2
offered,2
accomplish,2
affirmative,2
difficult,2
russia,2
prevents,2
blessings,2
passes,2
depend,2
dauntless,2
participate,2
dejection,2
approve,2
difficulties,2
celebrated,2
important,2
fifteen,2
extended,2
despise,2
complaints,2
lieutenant,2
profession,2
englishman,2
prejudices,2
remarkable,2
feminine,2
brutality,2
exercised,2
briefly,2
prize-money,2
throwing,2
solicited,2
woman’s,2
thinking,2
inexorable,2
inclinations,2
fellow!”,2
resolutions,2
embarkation,2
promises,2
whenever,2
communicate,2
pleasurable,2
unexplored,2
kill,2
woeful,2
“ancient,2
mariner.”,2
allusion,2
mysteries,2
production,2
practically,2
perseverance,2
explore,2
reverse,2
occasions,2
safe—and,2
bold,2
indicating,2
dismay,2
gales,2
navigators,2
happen,2
adieu,2
cool,2
involuntarily,2
5th,2
forbear,2
floated,2
hoping,2
irregular,2
comrades,2
groaned,2
diverted,2
mile,2
inequalities,2
profited,2
talking,2
fragment,2
persuading,2
european,2
“here,2
foreign,2
“will,2
chimney,2
trifling,2
equalled,2
despairing,2
woes,2
deepest,2
route,2
life.”,2
manifested,2
conciliating,2
attractive,2
poignant,2
speaks,2
rapidity,2
interests,2
measures,2
price,2
acquirement,2
acquire,2
suppress,2
groan,2
drunk,2
draught,2
reveal,2
dash,2
weakened,2
conquered,2
personally,2
“we,2
natures,2
anew.”,2
settled,2
elevating,2
double,2
circle,2
folly,2
wanderer,2
quality,2
precision,2
facility,2
varied,2
usually,2
gratified,2
interrupt,2
irrevocably,2
warmest,2
lustrous,2
lineaments,2
harrowing,2
gallant,2
wrecked,2
affairs,2
prevented,2
husband,2
flourishing,2
oblivion,2
magnificence,2
honourable,2
retreated,2
lucerne,2
grieved,2
deplored,2
overjoyed,2
sustenance,2
consequently,2
inaction,2
adversity,2
plaited,2
decreased,2
beggar,2
interment,2
upright,2
disposed,2
doting,2
fondness,2
inexpressible,2
grace,2
behaviour,2
convenience,2
sheltered,2
shaken,2
functions,2
climate,2
eldest,2
inexhaustible,2
mother’s,2
caresses,2
recollections,2
plaything,2
lesson,2
charity,2
como,2
guardian,2
afflicted,2
singularly,2
penury,2
milan,2
working,2
hungry,2
hardy,2
despite,2
ample,2
exerted,2
lingered,2
bloomed,2
fairer,2
villa,2
radiance,2
lighter,2
chamois,2
prevailed,2
unfair,2
consulted,2
priest,2
everyone,2
playfully,2
it.”,2
interpreted,2
till,2
companionship,2
subsisted,2
aerial,2
creations,2
alpine,2
hidden,2
akin,2
unfolded,2
seven,2
closest,2
chivalry,2
heroic,2
plays,2
table,2
redeem,2
families,2
distinctly,2
temperature,2
adventurous,2
benefactors,2
saintly,2
animate,2
sullen,2
rough,2
aught,2
generosity,2
aim,2
soaring,2
extensive,2
usefulness,2
narrow,2
insensible,2
ruled,2
sources,2
torrent,2
regulated,2
inclemency,2
bounding,2
carelessly,2
“ah,2
system,2
fancies,2
writers,2
unsatisfied,2
apprehensions,2
philosopher,2
final,2
secondary,2
century,2
routine,2
schools,2
stone,2
elixir,2
disease,2
invulnerable,2
accorded,2
inexperience,2
systems,2
quarters,2
lasted,2
issue,2
oak,2
obvious,2
electricity,2
fatality,2
overthrow,2
mood,2
appertaining,2
built,2
souls,2
prosperity,2
miraculous,2
suggestion,2
preservation,2
avert,2
tormenting,2
associate,2
prosecution,2
student,2
customs,2
caught,2
menaced,2
control,2
sickbed,2
triumphed,2
third,2
attendants,2
benignity,2
indulge,2
brightness,2
hushed,2
rush,2
comforter,2
forgot,2
seeking,2
morning’s,2
playmate,2
repugnance,2
station,2
repent,2
alighted,2
alchemists,2
studying,2
greedily,2
imbibed,2
stepped,2
mentioning,2
alternate,2
inclined,2
strain,2
results,2
inquirers,2
limit,2
founded,2
grandeur,2
grey,2
pronouncing,2
earthquake,2
chord,2
mien,2
replaced,2
arrange,2
ultimately,2
modesty,2
requested,2
advice,2
equals,2
ability,2
ended,2
memorable,2
physiognomy,2
tinged,2
ways,2
fluctuating,2
closely,2
proficiency,2
heartfelt,2
solely,2
practice,2
principle,2
restrain,2
thenceforth,2
charnel-houses,2
dizzy,2
incredible,2
magic,2
accomplished,2
aided,2
unguarded,2
employ,2
reception,2
inconceivable,2
simpler,2
adequate,2
incessantly,2
baffled,2
imperfect,2
takes,2
encouraged,2
argument,2
completely,2
process,2
realise,2
damps,2
cell,2
top,2
sockets,2
luxuriant,2
vintage,2
neglect,2
correspondence,2
habit,2
completed,2
unjust,2
ascribed,2
justified,2
exception,2
greece,2
reproach,2
supreme,2
unwholesome,2
trade,2
startled,2
amounted,2
panes,2
glimmer,2
dull,2
skin,2
watery,2
complexion,2
exceeded,2
moderation,2
compose,2
folds,2
chattered,2
shutters,2
inarticulate,2
announce,2
mummy,2
unfinished,2
joints,2
sleepless,2
impelled,2
hurry,2
lonely,2
doth,2
turns,2
continuing,2
sprung,2
incredulous,2
dislike,2
“very,2
guessed,2
pace,2
entreating,2
stand,2
waiting,2
fearfully,2
empty,2
clapped,2
sensitiveness,2
unrestrained,2
heartless,2
god’s,2
recover,2
concealing,2
disorder,2
attentive,2
shaded,2
contributed,2
attacked,2
“dearest,2
repay,2
get,2
agitates,2
handwriting,2
reassure,2
post,2
line,2
persuasions,2
encountering,2
confirm,2
elder,2
rowing,2
“little,2
growth,2
amuse,2
rewarded,2
widow,2
prevail,2
despised,2
include,2
“justine,2
remarked,2
humour,2
repaid,2
respects,2
gesture,2
excellence,2
reminds,2
confessor,2
laughing,2
curling,2
“now,2
congratulatory,2
manoir,2
reported,2
“elizabeth,2
18th,2
17—.”,2
feel.”,2
fatigued,2
writhed,2
alleging,2
impress,2
docile,2
blunt,2
approbation,2
happily,2
differed,2
east,2
persian,2
arabic,2
critical,2
temporary,2
poetry,2
roads,2
compensated,2
bid,2
personal,2
proposition,2
ramble,2
verdant,2
bud,2
resources,2
imitation,2
tales,2
afternoon,2
hilarity,2
inflict,2
tidings,2
“william,2
niece,2
prolonged,2
enquired,2
run,2
dews,2
finger,2
betrayed,2
clasping,2
miniature,2
unjustly,2
motive,2
assassin,2
12th,2
extremest,2
gushed,2
untimely,2
pang,2
reserve,2
horses,2
crowded,2
advance,2
palaces,2
landing,2
hill,2
flashes,2
faint,2
disclosed,2
hasty,2
war,2
intently,2
illuminated,2
lean,2
perpendicular,2
depraved,2
relatives,2
indelible,2
parent,2
garb,2
sinking,2
desolated,2
minutely,2
named,2
confine,2
ernest?”,2
today,2
all.”,2
apparel,2
faith,2
innocent.”,2
papa,2
william.”,2
forbid,2
circumstantial,2
publicly,2
rash,2
candour,2
sure,2
cheered,2
else,2
prejudiced,2
engaging,2
enormity,2
adduced,2
market-woman,2
audible,2
interpretation,2
barn,2
surprising,2
"know,”",2
wicked,2
wantonly,2
beg,2
educated,2
expressions,2
condemn,2
unexpected,2
esteemed,2
betray,2
knees,2
suffocated,2
"girl,”",2
kneel,2
report,2
falsehood,2
sins,2
consoles,2
proclaim,2
stony,2
mournfully,2
resigned,2
uttering,2
cousin.”,2
sufferer,2
resignation,2
stayed,2
“farewell,2
indignant,2
perished,2
prophetic,2
graves,2
hapless,2
arts,2
calmness,2
deeds,2
description,2
begun,2
thirsted,2
gather,2
awaken,2
dispel,2
brooded,2
shutting,2
sails,2
middle,2
unprotected,2
revisit,2
signal,2
ordinary,2
tribute,2
prospects,2
quenched,2
“on,2
imaginary,2
monsters,2
benefactor,2
unfit,2
precipice,2
makes,2
fondly,2
chase,2
beneficial,2
deer,2
type,2
cope,2
boyhood,2
horseback,2
mule,2
liable,2
epoch,2
guise,2
piny,2
shining,2
domes,2
habitations,2
overhangs,2
servox,2
boundaries,2
fertile,2
falling,2
surrounding,2
tingling,2
recognised,2
indulging,2
rushing,2
keen,2
ragged,2
eagle,2
torrents,2
cloudy,2
montanvert,2
precipitous,2
surmount,2
traces,2
strewed,2
speaking,2
surface,2
interspersed,2
majesty,2
dependent,2
peaks,2
combat,2
ugliness,2
overwhelm,2
furious,2
fierce,2
insect,2
trample,2
spurn,2
glut,2
vent,2
accumulation,2
defend,2
supple,2
adam,2
everywhere,2
“begone,2
skies,2
recompense,2
whirlwinds,2
abandon,2
accuse,2
praise,2
hands.”,2
“thus,2
flung,2
descends,2
illuminate,2
confirmation,2
opening,2
brook,2
“soon,2
huge,2
scents,2
saluted,2
“several,2
orb,2
lessened,2
supplied,2
foliage,2
accuracy,2
herb,2
thrush,2
thrust,2
cry,2
operation,2
touching,2
fanned,2
travellers,2
tasted,2
placing,2
nuts,2
acorns,2
pangs,2
exceedingly,2
chilled,2
enchanted,2
asleep,2
allured,2
sunset,2
huts,2
stately,2
houses,2
kinds,2
neat,2
sit,2
barbarity,2
sty,2
pool,2
crevice,2
clean,2
loaf,2
compared,2
chink,2
patient,2
despondence,2
furniture,2
attitude,2
nightingale,2
sobbed,2
withdrew,2
fuel,2
apart,2
nook,2
piece,2
plants,2
beaming,2
moulded,2
monotonous,2
resembling,2
lights,2
whatever,2
hereafter,2
quietly,2
influenced,2
constantly,2
solve,2
“a,2
uneasiness,2
trait,2
consumption,2
firing,2
communicating,2
articulate,2
reference,2
encourage,2
unperceived,2
exhortations,2
instances,2
obstructed,2
overlook,2
delicate,2
terrified,2
warmer,2
impending,2
signification,2
inquisitive,2
win,2
ass,2
genial,2
verdure,2
tapped,2
flushed,2
pointing,2
conversing,2
enraptured,2
herbage,2
scent,2
“while,2
instructed,2
purport,2
existing,2
mental,2
subsequent,2
lowest,2
abject,2
squalid,2
advantages,2
profits,2
absolutely,2
blot,2
fellows,2
doted,2
expanded,2
vacancy,2
“some,2
unfolding,2
turkish,2
constantinople,2
uncontrollable,2
decision,2
loaded,2
rejected,2
offers,2
treasure,2
preparations,2
gently,2
“safie,2
asia,2
immured,2
deceit,2
simplest,2
tenderest,2
lovers,2
choose,2
italian,2
enraged,2
punish,2
proceeding,2
oppression,2
sending,2
maintenance,2
“such,2
commanded,2
turkey,2
averse,2
developed,2
vices,2
containing,2
plutarch’s,2
histories,2
affecting,2
opinions,2
calculated,2
destination,2
relative,2
awe,2
link,2
guarded,2
especial,2
satan,2
gall,2
envy,2
bears,2
accursed,2
resemblance,2
interview,2
postponed,2
day’s,2
sagacity,2
inconstant,2
unchecked,2
sympathising,2
cheering,2
unworthy,2
revolution,2
finally,2
hideousness,2
laying,2
absorbed,2
‘who,2
unfortunately,2
“‘no,2
friendless,2
unprejudiced,2
prejudice,2
detestable,2
injure,2
sincere,2
“at,2
consternation,2
dashed,2
waved,2
stillness,2
impotence,2
believing,2
errors,2
flying,2
tearing,2
mounted,2
anxiously,2
loitered,2
flames,2
fitness,2
geography,2
succour,2
visage,2
decayed,2
confines,2
secured,2
dragged,2
gun,2
vowed,2
shoulder,2
“after,2
breezes,2
meditate,2
relieved,2
shrill,2
sworn,2
fringed,2
lashes,2
affright,2
exclamations,2
thrill,2
awake,2
sanguinary,2
wishing,2
requisition,2
defects,2
perplexed,2
interchange,2
consent.”,2
precipitate,2
injuries,2
creature’s,2
reasonable,2
stifle,2
"swear,”",2
reasonably,2
necessarily,2
communion,2
linked,2
chain,2
blight,2
europe,2
enjoined,2
listless,2
calling,2
resumed,2
solemnisation,2
dictate,2
offering,2
engagement,2
imposed,2
journeying,2
resembled,2
intensity,2
ensure,2
maddening,2
foe,2
unconscious,2
exasperated,2
wherever,2
packed,2
colours,2
rotterdam,2
mainz,2
becomes,2
sloping,2
labourers,2
pays,2
castle,2
overflowing,2
britain,2
terribly,2
cheat,2
enjoyments,2
expiration,2
windsor,2
highlands,2
rambling,2
novelties,2
forces,2
footsteps,2
meadows,2
expanse,2
assemblage,2
bolt,2
identify,2
illustrious,2
eaten,2
northwards,2
westmorland,2
rocky,2
includes,2
scotch,2
languid,2
remonstrate,2
beaten,2
mainland,2
squalidness,2
ordered,2
repaired,2
occasioned,2
roarings,2
blinded,2
malignant,2
precarious,2
heaths,2
treachery,2
reposed,2
oars,2
presentiment,2
rouse,2
dwelt,2
beware,2
sign,2
conjured,2
sacrificed,2
endless,2
streamed,2
sinks,2
isle,2
utensils,2
film,2
voluntary,2
skiff,2
boats,2
commission,2
northeast,2
rudder,2
lulled,2
starvation,2
reverie,2
mutable,2
debility,2
directly,2
you.”,2
angry,2
irish,2
gentleman,2
proper,2
dozen,2
deposed,2
nugent,2
supposition,2
examination,2
strangled,2
unfavourable,2
suggested,2
breath,2
murderous,2
await,2
cries,2
turnkeys,2
physician,2
me?”,2
agonising,2
feature,2
muscle,2
relaxed,2
momentary,2
"father,”",2
insisted,2
relapse,2
disgrace,2
appearing,2
poisoned,2
rhone,2
torpor,2
scared,2
fiend’s,2
susceptible,2
methods,2
assertion,2
preserved,2
persuasion,2
incoherent,2
desiring,2
airy,2
consummate,2
enjoys,2
balanced,2
whisper,2
suspect,2
menaces,2
adversary’s,2
consecrate,2
contentment,2
pistols,2
preparation,2
evian,2
enjoying,2
obscured,2
dimmed,2
shrink,2
momentarily,2
suspended,2
oar,2
prayed,2
tide,2
traverse,2
unspeakable,2
exists,2
heroism,2
flit,2
o,2
ministers,2
mediterranean,2
ices,2
scoffing,2
guiding,2
conducting,2
intercept,2
fashioned,2
provisions,2
provision,2
proportions,2
rolled,2
split,2
vigour,2
unfulfilled,2
piercing,2
conversations,2
rational,2
modified,2
mutiny,2
imminent,2
withstand,2
extinct,2
victim!”,2
extremity,2
impotent,2
insatiable,2
humankind,2
ashes,2
wert,2
file,2
files,2
formats,2
owns,2
royalties,2
rules,2
concept,2
registered,2
printed,2
redistribution,2
promoting,2
available,2
redistributing,2
1.c,2
1.e,2
based,2
references,2
prominently,2
copied,2
vanilla,2
ascii,2
specified,2
receipt,2
accordance,2
90,2
michael,2
hart,2
employees,2
computer,2
damage,2
warranty,2
costs,2
expenses,2
legal,2
breach,2
lieu,2
electronically,2
implied,2
b,2
readable,2
widest,2
computers,2
501(c)(3,2
federal,2
contributions,2
dr,2
s,2
locations,2
http://pglaf.org,2
solicit,2
particular,2
accepted,2
﻿project,1
gutenberg's,1
editor,1
2008,1
84,1
posting,1
january,1
2018,1
encoding,1
utf-8,1
dec,1
rejoice,1
braces,1
foretaste,1
climes,1
skirting,1
diffusing,1
splendour,1
there—for,1
navigators—there,1
sailing,1
habitable,1
undoubtedly,1
solitudes,1
attracts,1
needle,1
observations,1
eccentricities,1
consistent,1
satiate,1
conquer,1
embarks,1
holiday,1
mates,1
conjectures,1
contest,1
inestimable,1
confer,1
requisite,1
ascertaining,1
magnet,1
effected,1
dispelled,1
glow,1
contributes,1
tranquillise,1
purpose—a,1
arriving,1
pacific,1
passionately,1
familiarity,1
injunction,1
embark,1
seafaring,1
faded,1
perused,1
effusions,1
entranced,1
lifted,1
poet,1
niche,1
temple,1
homer,1
shakespeare,1
consecrated,1
channel,1
inuring,1
whale-fishers,1
expeditions,1
voluntarily,1
harder,1
medicine,1
naval,1
adventurer,1
under-mate,1
greenland,1
whaler,1
acquitted,1
preferred,1
enticement,1
encouraging,1
fluctuate,1
emergencies,1
travelling,1
sledges,1
stagecoach,1
furs—a,1
adopted,1
freezing,1
post-road,1
hire,1
insurance,1
whale-fishing,1
shower,1
testify,1
r,1
28th,1
glowing,1
assailed,1
deem,1
courageous,1
capacious,1
amend,1
repair,1
faults,1
self-educated,1
fourteen,1
benefits,1
twenty-eight,1
illiterate,1
schoolboys,1
painters,1
merchants,1
seamen,1
unallied,1
dross,1
bosoms,1
instance,1
madly,1
characteristically,1
advancement,1
national,1
professional,1
unsoftened,1
retains,1
noblest,1
endowments,1
whale,1
unemployed,1
discipline,1
fosterage,1
groundwork,1
distaste,1
mariner,1
noted,1
kindliness,1
obedience,1
crew,1
owes,1
russian,1
amassed,1
match,1
bathed,1
confessing,1
reassured,1
suppliant,1
farm,1
designed,1
rival,1
purchase,1
decidedly,1
exclaim,1
uneducated,1
attends,1
detracts,1
complain,1
wavering,1
prudence,1
considerateness,1
"snow,”",1
albatross,1
imaginative,1
industrious—painstaking,1
workman,1
labour—but,1
intertwined,1
hurries,1
pathways,1
unvisited,1
considerations,1
cape,1
africa,1
robert,1
haste,1
merchantman,1
homeward,1
floating,1
sheets,1
latitude,1
attain,1
renovating,1
stiff,1
springing,1
leak,1
persevering,1
prudent,1
tracing,1
pathless,1
testimonies,1
untamed,1
obedient,1
stop,1
pours,1
r.w,1
monday,1
31st,1
sea-room,1
compassed,1
fog,1
grow,1
solicitude,1
telescopes,1
unqualified,1
denote,1
masses,1
float,1
drifted,1
dog,1
inhabitant,1
sea.”,1
“before,1
"vessel,”",1
bound?”,1
capitulated,1
rubbing,1
brandy,1
forcing,1
swallow,1
blankets,1
kitchen,1
stove,1
soup,1
wonderfully,1
performs,1
beam,1
gnashes,1
oppresses,1
restoration,1
vehicle,1
fashion?”,1
“yes.”,1
“then,1
picked,1
ice.”,1
aroused,1
stranger’s,1
considerate,1
inquiries.”,1
“certainly,1
impertinent,1
inhuman,1
inquisitiveness,1
mine.”,1
rescued,1
perilous,1
benevolently,1
decaying,1
rawness,1
enters,1
13th,1
increases,1
excites,1
wise,1
culled,1
choicest,1
disguise,1
eventual,1
evinced,1
gladly,1
furtherance,1
dominion,1
transmit,1
elemental,1
foes,1
listener’s,1
quivered,1
trickle,1
heaving,1
“unhappy,1
intoxicating,1
lips!”,1
paroxysm,1
quelling,1
tyranny,1
trains,1
unfashioned,1
wiser,1
ourselves—such,1
be—do,1
lend,1
perfectionate,1
faulty,1
entitled,1
respecting,1
i—i,1
starry,1
disappointments,1
halo,1
ventures,1
tutored,1
retirement,1
fastidious,1
appreciate,1
extraordinary,1
possesses,1
immeasurably,1
intuitive,1
discernment,1
never-failing,1
penetration,1
unequalled,1
clearness,1
intonations,1
soul-subduing,1
19th,1
serpent,1
disasters,1
exposing,1
deduce,1
apt,1
tamer,1
unbelief,1
ridicule,1
provoke,1
ever-varied,1
conveys,1
composed.”,1
recital,1
ameliorate,1
"feeling,”",1
determined.”,1
imperatively,1
manuscript,1
lips—with,1
full-toned,1
swells,1
irradiated,1
it—thus,1
genevese,1
republic,1
ancestors,1
counsellors,1
syndics,1
reputation,1
illustrate,1
relating,1
mischances,1
unbending,1
debts,1
truest,1
effectual,1
reuss,1
fortunes,1
respectable,1
merchant’s,1
rankling,1
fund,1
decreasing,1
mould,1
earn,1
subsistence,1
tenth,1
beaufort’s,1
protecting,1
unite,1
late-discovered,1
unworthiness,1
worship,1
differing,1
recompensing,1
exotic,1
gardener,1
rougher,1
tend,1
relinquished,1
restorative,1
naples,1
stores,1
tender,1
idol,1
better—their,1
self-control,1
silken,1
cord,1
excursion,1
frontiers,1
passion—remembering,1
relieved—for,1
cot,1
foldings,1
vale,1
half-clothed,1
scanty,1
babes,1
dark-eyed,1
vagrants,1
brightest,1
gold,1
clothing,1
brow,1
moulding,1
heaven-sent,1
stamp,1
milanese,1
nobleman,1
german,1
italians,1
antique,1
italy—one,1
schiavi,1
ognor,1
frementi,1
dungeons,1
austria,1
confiscated,1
foster,1
dark-leaved,1
brambles,1
hall,1
pictured,1
cherub—a,1
guardians,1
providence,1
inmate,1
parents’,1
house—my,1
sister—the,1
reverential,1
victor—tomorrow,1
seriousness,1
literally,1
mine—mine,1
cherish,1
praises,1
familiarly,1
me—my,1
disunion,1
dispute,1
diversity,1
concentrated,1
smitten,1
—the,1
turbulence,1
summers—she,1
investigating,1
junior,1
campagne,1
seclusion,1
attach,1
fervently,1
indifferent,1
school-fellows,1
romance,1
enchantment,1
knightly,1
adventure,1
masquerades,1
roncesvalles,1
arthur,1
chivalrous,1
holy,1
sepulchre,1
infidels,1
tyrants,1
caprice,1
agents,1
creators,1
discerned,1
development,1
filial,1
vehement,1
indiscriminately,1
code,1
politics,1
attractions,1
inner,1
metaphysical,1
stage,1
theme,1
shrine-dedicated,1
lamp,1
ours,1
soften,1
attract,1
subdue,1
semblance,1
clerval—could,1
entrench,1
humane,1
thoughtful,1
exploit,1
beneficence,1
tainted,1
ignoble,1
predilection,1
thirteen,1
baths,1
thonon,1
chanced,1
apathy,1
demonstrate,1
trash.”,1
principles,1
chimerical,1
avidity,1
longing,1
discontented,1
isaac,1
newton,1
avowed,1
picking,1
shells,1
successors,1
boy’s,1
tyros,1
untaught,1
partially,1
unveiled,1
immortal,1
dissect,1
anatomise,1
tertiary,1
grades,1
fortifications,1
impediments,1
citadel,1
ignorantly,1
repined,1
averred,1
eighteenth,1
self-taught,1
child’s,1
blindness,1
student’s,1
guidance,1
preceptors,1
philosopher’s,1
undivided,1
inferior,1
raising,1
ghosts,1
liberally,1
incantations,1
unsuccessful,1
mistake,1
skill,1
fidelity,1
instructors,1
mingling,1
unadept,1
contradictory,1
theories,1
floundering,1
desperately,1
slough,1
multifarious,1
witnessed,1
thunderstorm,1
loudness,1
yards,1
dazzling,1
stump,1
splintered,1
ribbons,1
galvanism,1
lords,1
disinclined,1
despicable,1
caprices,1
progeny,1
abortive,1
would-be,1
threshold,1
betook,1
ligaments,1
inclination,1
life—the,1
envelop,1
victory,1
announced,1
relinquishing,1
latterly,1
disregard,1
potent,1
decreed,1
attained,1
seventeen,1
occurred—an,1
omen,1
scarlet,1
distemper—elizabeth,1
imprudence,1
preserver,1
alarming,1
medical,1
prognosticated,1
deathbed,1
"children,”",1
firmest,1
resign,1
world.”,1
calmly,1
ever—that,1
lapse,1
proves,1
commences,1
arrives,1
spoiler,1
deferred,1
consoled,1
veiled,1
steadily,1
cousins,1
narrow-minded,1
trader,1
aspirations,1
debarred,1
liberal,1
kindling,1
resolve,1
commerce,1
“farewell!”,1
fancying,1
there—my,1
press,1
chaise,1
pleasure—i,1
protector,1
“old,1
"faces,”",1
unfitted,1
acquisition,1
cooped,1
complied,1
fatiguing,1
chance—or,1
asserted,1
sway,1
reluctant,1
door—led,1
stared,1
“really,1
nonsense?”,1
"minute,”",1
burdened,1
musty,1
treating,1
dismissed,1
reprobated,1
recur,1
squat,1
gruff,1
teacher,1
prepossess,1
philosophical,1
accounted,1
matters,1
retrod,1
immortality,1
futile,1
inquirer,1
exchange,1
chimeras,1
realities,1
localities,1
residents,1
conceited,1
sentences,1
pulpit,1
lecturing,1
shortly,1
colleague,1
fifty,1
temples,1
erect,1
sweetest,1
recapitulation,1
discoverers,1
elementary,1
preparatory,1
experiments,1
panegyric,1
teachers,1
"science,”",1
“promised,1
impossibilities,1
metals,1
transmuted,1
chimera,1
dabble,1
dirt,1
pore,1
microscope,1
crucible,1
miracles,1
circulates,1
unlimited,1
thunders,1
mimic,1
shadows.”,1
professor’s,1
words—rather,1
fate—enounced,1
grappling,1
palpable,1
keys,1
sounded,1
frankenstein—more,1
achieve,1
treading,1
pioneer,1
unfold,1
insurrection,1
turmoil,1
yesternight’s,1
private,1
affability,1
indebted,1
easier,1
classifications,1
bringing,1
erroneously,1
solid,1
mankind.”,1
statement,1
affectation,1
chemists,1
measured,1
deference,1
instructor,1
letting,1
ashamed,1
stimulated,1
"happy,”",1
chemist,1
department,1
petty,1
experimentalist,1
advise,1
mathematics.”,1
machines,1
instructing,1
promising,1
derange,1
comprehensive,1
term,1
discrimination,1
acquaintance,1
deal,1
dogmatism,1
frankness,1
pedantry,1
smoothed,1
abstruse,1
facile,1
students,1
sly,1
pursues,1
infallibly,1
attainment,1
conducive,1
protracted,1
physiology,1
recourse,1
anatomy,1
precautions,1
superstition,1
churchyard,1
receptacle,1
vaults,1
delicacy,1
brain,1
analysing,1
minutiae,1
causation,1
exemplified,1
me—a,1
brilliant,1
immensity,1
illustrated,1
affirm,1
miracle,1
stages,1
gratifying,1
progressively,1
wisest,1
buried,1
glimmering,1
patiently,1
infallible,1
precepts,1
aspires,1
intricacies,1
fibres,1
organization,1
exalted,1
complex,1
arduous,1
reverses,1
mechanics,1
magnitude,1
complexity,1
impracticability,1
minuteness,1
hindrance,1
successfully,1
onwards,1
hurricane,1
ideal,1
pour,1
grown,1
confinement,1
unrelaxed,1
dabbled,1
clay,1
swim,1
resistless,1
frantic,1
trance,1
acuteness,1
stimulus,1
ceasing,1
operate,1
bones,1
profane,1
apartments,1
gallery,1
staircase,1
workshop,1
eyeballs,1
starting,1
dissecting,1
slaughter-house,1
furnished,1
harvest,1
charms,1
disquieted,1
interruption,1
neglected.”,1
procrastinate,1
faultiness,1
conceiving,1
altogether,1
blame,1
perfection,1
tendency,1
weaken,1
alloy,1
mix,1
unlawful,1
enslaved,1
cæsar,1
mexico,1
peru,1
moralizing,1
inquiring,1
blossom,1
expanding,1
leaves—sights,1
delight—so,1
engrossed,1
withered,1
mines,1
artist,1
leaf,1
energy,1
incipient,1
november,1
accomplishment,1
infuse,1
pattered,1
dismally,1
candle,1
half-extinguished,1
convulsive,1
delineate,1
arteries,1
flowing,1
pearly,1
whiteness,1
luxuriances,1
dun-white,1
shrivelled,1
straight,1
changeable,1
infusing,1
traversing,1
bed-chamber,1
lassitude,1
kiss,1
hue,1
shroud,1
grave-worms,1
crawling,1
flannel,1
dew,1
forehead,1
convulsed,1
wretch—the,1
curtain,1
jaws,1
muttered,1
detain,1
downstairs,1
courtyard,1
catching,1
dante,1
wretchedly,1
palpitation,1
artery,1
dismal,1
aching,1
church,1
clock,1
indicated,1
sixth,1
porter,1
issued,1
pacing,1
drenched,1
comfortless,1
palpitated,1
daring,1
coleridge’s,1
diligences,1
carriages,1
coach,1
alighting!”,1
cordial,1
"believe,”",1
comprised,1
book-keeping,1
unwearied,1
dutch,1
schoolmaster,1
vicar,1
wakefield,1
florins,1
greek,1
heartily,1
greek.’,1
knowledge.”,1
elizabeth.”,1
stopping,1
nights.”,1
employments,1
free.”,1
excessively,1
shiver,1
stairs,1
lock,1
shivering,1
bedroom,1
tingle,1
jumped,1
chairs,1
laughed,1
this?”,1
"me,”",1
glide,1
“_he,1
me!”,1
furiously,1
anticipated,1
unfitness,1
harm,1
kindest,1
raved,1
pertinacity,1
relapses,1
buds,1
shooting,1
"clerval,”",1
discompose,1
not?”,1
“compose,1
"yourself,”",1
silence.”,1
love?”,1
believe.”,1
write—to,1
pen,1
inconveniences,1
regretted,1
devolved,1
mercenary,1
minister,1
writes,1
getting,1
“get,1
well—and,1
vigorous,1
asks,1
sixteen,1
military,1
fetter,1
climbing,1
idler,1
snow-clad,1
mountains—they,1
household,1
perversity,1
treated,1
twelve,1
republican,1
institutions,1
monarchies,1
hence,1
classes,1
orders,1
ariosto,1
angelica—she,1
frank-hearted,1
professions,1
protectress,1
inconsiderate,1
model,1
phraseology,1
trials,1
childless,1
favourites,1
judgement,1
chastise,1
partiality,1
roman,1
catholic,1
repentant,1
softness,1
winning,1
vacillating,1
repentance,1
begged,1
unkindness,1
oftener,1
fretting,1
irritability,1
clever,1
eyelashes,1
dimples,1
rosy,1
wives,1
louisa,1
biron,1
gossip,1
miss,1
mansfield,1
john,1
melbourne,1
esq,1
manon,1
duvillard,1
banker,1
schoolfellow,1
louis,1
frenchwoman,1
tavernier,1
conclude,1
"victor,—one",1
line—one,1
elizabeth!”,1
introduce,1
underwent,1
usage,1
antipathy,1
praised,1
sciences,1
disliked,1
guessing,1
meant,1
discerning,1
excuse,1
total,1
encomiums,1
“d—n,1
outstript,1
ay,1
stare,1
nevertheless,1
youngster,1
gospel,1
pulled,1
countenance.—ay,1
"ay,”",1
“m,1
modest,1
diffident,1
wears,1
time.”,1
eulogy,1
annoying,1
oriental,1
inglorious,1
sanskrit,1
fellow-pupil,1
orientalists,1
dialects,1
writings,1
consist,1
"roses,—in",1
frowns,1
consumes,1
manly,1
heroical,1
rome,1
impassable,1
retarded,1
unwillingness,1
uncommonly,1
dilatoriness,1
proposed,1
pedestrian,1
acceded,1
perambulations,1
salubrious,1
fellow-creatures,1
unsocial,1
elevate,1
level,1
cramped,1
narrowed,1
hedges,1
invented,1
poems,1
ingenuity,1
sunday,1
dancing,1
unbridled,1
father:—,1
impatiently,1
callous,1
griefs,1
skims,1
dead!—that,1
simply,1
transaction,1
“last,1
thursday,1
dusk,1
torches,1
murder’s,1
persisted,1
‘o,1
child!’,1
sigh,1
teased,1
wear,1
unremitted,1
weeps,1
accuses,1
pierce,1
youngest,1
brooding,1
heal,1
festering,1
“alphonse,1
happened?”,1
motioned,1
"friend,”",1
do?”,1
horses.”,1
“poor,1
william!”,1
sleeps,1
murderer’s,1
sod,1
covers,1
survivors.”,1
cabriolet,1
sorrowing,1
slackened,1
desolating,1
alterations,1
tranquilly,1
decisive,1
dreading,1
nameless,1
define,1
lausanne,1
"nature,”",1
narrower,1
prognosticate,1
unhappiness?”,1
preliminary,1
comparative,1
gloomily,1
foresaw,1
obscurely,1
prophesied,1
hundredth,1
secheron,1
figures,1
crash,1
echoed,1
juras,1
savoy,1
dazzled,1
illuminating,1
sheet,1
pitchy,1
copêt,1
môle,1
peaked,1
clasped,1
dirge!”,1
clump,1
belongs,1
bedside,1
carnage,1
inconvenience,1
vampire,1
improbable,1
elude,1
credited,1
arrest,1
scaling,1
overhanging,1
mantel-piece,1
historical,1
represented,1
kneeling,1
“welcome,1
alleviate,1
self-accusations.—poor,1
pride!”,1
brother’s,1
"all,”",1
“requires,1
discovered—”,1
overtake,1
mountain-stream,1
night!”,1
"mean,”",1
completes,1
crime?”,1
wrongfully,1
happening,1
apprehended,1
greeting,1
topic,1
“good,1
says,1
"unfortunately,”",1
depravity,1
ungratitude,1
highly.”,1
acquitted.”,1
convict,1
astounding,1
vulgar,1
monument,1
allied,1
“fills,1
justify,1
convicted,1
doubly,1
"elizabeth,”",1
assurance,1
acquittal.”,1
despairing.”,1
"niece,”",1
“dry,1
partiality.”,1
eleven,1
lawless,1
devices,1
babe,1
aggravation,1
infamy,1
merit,1
ignominious,1
declaration,1
exculpated,1
exquisitely,1
confident,1
execrated,1
spectators,1
constrained,1
attest,1
guiltlessness,1
advocate,1
stated,1
staggered,1
unintelligible,1
hysterics,1
faltering,1
missed,1
plead,1
variable,1
“god,1
"knows,”",1
protestations,1
acquit,1
incline,1
doubtful,1
suspicious.”,1
chêne,1
nine,1
questioned,1
fatally,1
weighs,1
explaining,1
probabilities,1
stolen,1
jewel,1
testimony,1
overweigh,1
pledge,1
salvation,1
innocence.”,1
timorous,1
irreproachable,1
"am,”",1
indecent,1
pretended,1
uncle’s,1
warmly,1
hesitate,1
bauble,1
her.”,1
appeal,1
interference,1
charging,1
blackest,1
popular,1
fangs,1
forgo,1
officer,1
ballots,1
heart-sickening,1
"evidence,”",1
“was,1
glaring,1
decisive.”,1
suspicions,1
confessed.”,1
dire,1
justine’s,1
“alas!”,1
guile,1
murder.”,1
"“yes,”",1
alone.”,1
sitting,1
manacled,1
justine!”,1
now.”,1
murderer?”,1
sobs,1
“rise,1
confession.”,1
absolution,1
heavier,1
besieged,1
excommunication,1
obdurate,1
perdition,1
subscribed,1
miserable.”,1
honoured,1
perpetrated,1
death.”,1
distrusted,1
melt,1
prayers,1
playfellow,1
misfortune.”,1
shook,1
"die,”",1
raises,1
awaiting,1
submit,1
heaven!”,1
inmost,1
guilty?”,1
"justine,”",1
sincerest,1
removes,1
acknowledged,1
never-dying,1
hides,1
tarnish,1
core,1
"wish,”",1
misery.”,1
repressed,1
half-suppressed,1
bounty,1
so.”,1
heart-rending,1
criminality,1
appeals,1
answers,1
purposed,1
avowal,1
revoke,1
murderess,1
voiceless,1
thrice-accursed,1
ones,1
wail,1
lamentations,1
kinsman,1
much-loved,1
vital,1
sakes,1
mirrored,1
serving,1
you—he,1
bids,1
countless,1
succession,1
follows,1
deprives,1
serenity,1
self-satisfaction,1
complacency,1
consolation—deep,1
deathlike,1
perceptible,1
deduced,1
brother”—tears,1
spoke—“but,1
survivors,1
augmenting,1
immoderate,1
discharge,1
society.”,1
inapplicable,1
impossibility,1
unquiet,1
heavenly—if,1
bat,1
frogs,1
croaking,1
shore—often,1
calamities,1
surviving,1
desertion,1
unalterable,1
perpetrate,1
efface,1
thoughtlessly,1
peak,1
andes,1
precipitated,1
avenge,1
wean,1
dimming,1
thirsting,1
other’s,1
confirms,1
crowding,1
abyss,1
assassinated,1
escapes,1
wretch.”,1
centre,1
rendering,1
reap,1
blessing—what,1
peace?”,1
prized,1
suffice,1
lurked,1
wounded,1
dragging,1
fainting,1
untrodden,1
brake,1
gaze,1
arrow,1
pierced,1
whirlwind,1
bending,1
valleys,1
eternity,1
ephemeral,1
enduring,1
sure-footed,1
lightened,1
raging,1
waterfalls,1
omnipotence—and,1
almighty,1
impetuous,1
peeping,1
pyramids,1
towered,1
bridge,1
pélissier,1
rumbling,1
smoke,1
aiguilles,1
dôme,1
overlooked,1
long-lost,1
reminded,1
lighthearted,1
maternal,1
act—i,1
fettered,1
spurred,1
striving,1
myself—or,1
desperate,1
fashion,1
pallid,1
lightnings,1
noisy,1
lulling,1
lullaby,1
pillow,1
giver,1
roaming,1
arveiron,1
barricade,1
abrupt,1
wall,1
presence-chamber,1
imperial,1
brawling,1
cracking,1
reverberated,1
anon,1
littleness,1
tranquillised,1
slumbers,1
ministered,1
assemblance,1
congregated,1
unstained,1
mountain-top,1
pinnacle,1
pine,1
clouds—they,1
soul-inspiriting,1
pouring,1
misty,1
retreats,1
ever-moving,1
wings,1
soar,1
solemnising,1
causing,1
perpendicularity,1
terrifically,1
spots,1
jutting,1
transversely,1
intersected,1
ravines,1
roll,1
produces,1
concussion,1
speaker,1
sombre,1
wreaths,1
sensibilities,1
brute,1
wand’ring,1
pollutes,1
embrace,1
ne’er,1
mutability,1
overlooks,1
dissipated,1
uneven,1
descending,1
rifts,1
width,1
crossing,1
sunlight,1
“wandering,1
beds,1
superhuman,1
crevices,1
caution,1
faintness,1
gale,1
bespoke,1
"“devil,”",1
wreaked,1
vile,1
diabolically,1
murdered!”,1
"reception,”",1
“all,1
detest,1
dissoluble,1
conditions,1
maw,1
friends.”,1
“abhorred,1
negligently,1
bestowed.”,1
hast,1
thyself,1
opposition,1
lord,1
wilt,1
owest,1
equitable,1
clemency,1
drivest,1
misdeed,1
excluded,1
virtuous.”,1
community,1
fight,1
fall.”,1
implores,1
glowed,1
grudge,1
hail,1
kinder,1
commiserate,1
bloody,1
"remembrance,”",1
rejoined,1
“circumstances,1
form.”,1
"creator,”",1
canst,1
fitting,1
scourge,1
speedy,1
ruin.”,1
denial,1
complained,1
seating,1
era,1
indistinct,1
multiplicity,1
smelt,1
stronger,1
opaque,1
impervious,1
touch,1
obstacles,1
wearying,1
resting,1
dormant,1
slaked,1
instinctively,1
insufficient,1
invade,1
throats,1
winged,1
intercepted,1
roof,1
canopied,1
sparrow,1
blackbird,1
enticing,1
beggars,1
burn,1
pained,1
spreading,1
uncovered,1
flame,1
fan,1
offals,1
roasted,1
savoury,1
spoiled,1
“food,1
scarce,1
searching,1
assuage,1
emigration,1
lamented,1
reproduce,1
relinquish,1
wrapping,1
shepherd,1
noise,1
loudly,1
debilitated,1
pandæmonium,1
dæmons,1
devoured,1
remnants,1
shepherd’s,1
wine,1
brightly,1
depositing,1
peasant’s,1
wallet,1
neater,1
gardens,1
grievously,1
bruised,1
missile,1
weapons,1
chinks,1
kennel,1
adjacent,1
pig,1
“having,1
carpeted,1
purloined,1
conveniently,1
vicinity,1
tolerably,1
“being,1
reside,1
rain-dropping,1
dank,1
plank,1
farmhouse,1
meanly,1
petticoat,1
linen,1
jacket,1
adorned,1
quarter,1
incommoded,1
yard,1
imperceptible,1
whitewashed,1
drawer,1
sweeter,1
cottager,1
enticed,1
audibly,1
overpowering,1
shoulders,1
helped,1
busily,1
digging,1
pulling,1
pensive,1
dispatched,1
graceful,1
finest,1
symmetry,1
“night,1
prolonging,1
tapers,1
neighbours,1
rest.”,1
doors,1
contemplation,1
delicious,1
viands,1
another’s,1
interchanging,1
imply,1
enigmatic,1
distressing,1
cow,1
poignantly,1
steal,1
abstained,1
repairing,1
cultivating,1
hearers,1
pronunciation,1
unravel,1
revolutions,1
appropriated,1
pronounce,1
endeared,1
gait,1
enhanced,1
accomplishments,1
wipe,1
saddest,1
unpractised,1
flower,1
peeped,1
milk-house,1
outhouse,1
replenished,1
farmer,1
dinner,1
frosty,1
puzzled,1
cottagers—their,1
complexions,1
transparent,1
mirror,1
mortification,1
heart-moving,1
indications,1
wholesome,1
sufficiency,1
star-light,1
offices,1
foolish,1
flitted,1
arbiters,1
pictures,1
presenting,1
disgusted,1
exhilarated,1
acquiring,1
organs,1
tolerable,1
lap-dog,1
deserved,1
execration,1
showers,1
gods,1
blotted,1
gilded,1
anticipations,1
joy.”,1
moving,1
“spring,1
periodically,1
labour—the,1
him—that,1
sighed,1
son’s,1
recommencing,1
country-man,1
suit,1
musical,1
raven,1
curiously,1
braided,1
regular,1
wondrously,1
pink,1
ravished,1
ecstatic,1
wiping,1
rapturously,1
dismount,1
dismissing,1
affectionately,1
dispelling,1
dissipates,1
ever-gentle,1
recurrence,1
‘good,1
safie.’,1
repetition,1
faculty,1
entrancingly,1
cadence,1
peaceably,1
moonlight,1
balmy,1
nocturnal,1
shortened,1
daylight,1
comprehended,1
volney’s,1
explanations,1
declamatory,1
style,1
framed,1
insight,1
religions,1
nations,1
slothful,1
asiatics,1
grecians,1
wars,1
romans—of,1
degenerating—of,1
empire,1
christianity,1
kings,1
american,1
hemisphere,1
narrations,1
scion,1
befall,1
mole,1
bloodshed,1
division,1
possessions,1
unsullied,1
riches,1
rare,1
vagabond,1
hideously,1
agile,1
subsist,1
coarser,1
diet,1
extremes,1
disowned,1
“of,1
lichen,1
death—a,1
stealth,1
unseen,1
charming,1
“other,1
sexes,1
sallies,1
relationships,1
bind,1
claimed,1
tended,1
terminated,1
half-painful,1
self-deceit,1
them).”,1
inexperienced,1
affluence,1
superiors,1
bred,1
ranked,1
ladies,1
luxurious,1
refinement,1
obnoxious,1
flagrant,1
alleged,1
condemnation,1
accidentally,1
fruitless,1
admittance,1
grated,1
building,1
muhammadan,1
grate,1
prisoner,1
amazed,1
kindle,1
owning,1
captive,1
hazard,1
“during,1
implements,1
repeat,1
arab,1
turks,1
recommended,1
bondage,1
tenets,1
aspire,1
independence,1
followers,1
muhammad,1
indelibly,1
harem,1
infantile,1
amusements,1
ill-suited,1
emulation,1
passports,1
fugitives,1
lyons,1
cenis,1
dominions,1
interpreter,1
intimacy,1
resentment,1
lukewarm,1
secretly,1
facilitated,1
detect,1
plot,1
noisome,1
boarder,1
convent,1
treacherous,1
unheard-of,1
traitor,1
insultingly,1
meed,1
gloried,1
infused,1
outraged,1
expostulate,1
angrily,1
reiterating,1
tyrannical,1
mandate,1
daughter’s,1
divulged,1
confidential,1
emergency,1
abhorrent,1
learnt,1
dangerously,1
lover.”,1
social,1
deprecate,1
inciting,1
actor,1
omit,1
leathern,1
portmanteau,1
articles,1
prize,1
infinity,1
canvassed,1
never-ending,1
speculation,1
pretension,1
disquisitions,1
suicide,1
hero,1
precisely,1
similar,1
listener,1
unformed,1
‘the,1
"free,’",1
founders,1
republics,1
werter’s,1
plutarch,1
sphere,1
surpassed,1
kingdoms,1
extents,1
assemblages,1
school,1
mightier,1
concerned,1
governing,1
massacring,1
peaceable,1
lawgivers,1
numa,1
solon,1
lycurgus,1
preference,1
romulus,1
theseus,1
patriarchal,1
impressions,1
soldier,1
slaughter,1
warring,1
exciting,1
referred,1
similarity,1
prosperous,1
fitter,1
emblem,1
“another,1
strengthened,1
decipher,1
disgusting,1
minutest,1
‘hateful,1
life!’,1
‘accursed,1
alluring,1
abhorred.’,1
compassionate,1
importance,1
plenty,1
reigned,1
moonshine,1
frail,1
fortify,1
undergo,1
eve,1
adam’s,1
supplication,1
“autumn,1
assume,1
heed,1
bleakness,1
conformation,1
endurance,1
depending,1
casualties,1
yearned,1
introducing,1
mediation,1
tolerated,1
red,1
denied,1
thoughtfulness,1
exerting,1
planks,1
knocked,1
there?’,1
‘come,1
in.’,1
‘pardon,1
"intrusion,’",1
oblige,1
fire.’,1
"“‘enter,’",1
‘and,1
afraid,1
you.’,1
host,1
need.’,1
ensued,1
irresolute,1
‘by,1
countryman,1
french?’,1
hopes.’,1
“‘are,1
germans?’,1
ever.’,1
self-interest,1
brotherly,1
despair.’,1
“‘they,1
kind—they,1
monster.’,1
“‘that,1
blameless,1
undeceive,1
them?’,1
“‘i,1
terrors,1
overcome.’,1
“‘where,1
reside?’,1
“‘near,1
spot.’,1
‘if,1
unreservedly,1
undeceiving,1
persuades,1
serviceable,1
creature.’,1
“‘excellent,1
creatures.’,1
“‘heaven,1
desperation,1
instigate,1
misfortunes.’,1
“‘how,1
assures,1
meeting.’,1
“‘may,1
friends?’,1
seizing,1
‘now,1
trial!’,1
“‘great,1
god!’,1
you?’,1
transport,1
stick,1
lion,1
rends,1
antelope,1
refrained,1
repeating,1
hovel.”,1
“cursed,1
glutted,1
shrieks,1
howlings,1
ranging,1
stag-like,1
bird,1
universal,1
arch-fiend,1
unsympathised,1
havoc,1
myriads,1
existed,1
underwood,1
determining,1
imprudently,1
behalf,1
fool,1
familiarised,1
irretrievable,1
acting,1
females,1
appeased,1
apprehending,1
inside,1
“presently,1
countrymen,1
pausing,1
gesticulations,1
"consider,’",1
‘that,1
months’,1
determination.’,1
“‘it,1
"useless,’",1
‘we,1
owing,1
tenement,1
place.’,1
stupid,1
strive,1
allowing,1
combustibles,1
vestige,1
danced,1
western,1
brand,1
heath,1
bushes,1
licked,1
forked,1
tongues,1
southwesterly,1
perceptions,1
redress,1
district,1
heatless,1
imprecate,1
curses,1
enkindled,1
hardened,1
map,1
extract,1
balminess,1
novelty,1
forgetting,1
bedewed,1
humid,1
thankfulness,1
skirted,1
budding,1
cypress,1
slipped,1
aimed,1
injurer,1
bone,1
gnashing,1
pulses,1
cure,1
ball,1
rate,1
extracting,1
infliction,1
vows,1
revenge—a,1
compensate,1
outrages,1
healed,1
alleviated,1
insulted,1
painfully,1
sportiveness,1
educate,1
peopled,1
“urged,1
‘child,1
hurt,1
‘let,1
"go,’",1
‘monster,1
ogre,1
papa.’,1
“‘boy,1
“‘hideous,1
syndic—he,1
frankenstein—he,1
“‘frankenstein,1
belong,1
enemy—to,1
victim.’,1
epithets,1
clapping,1
him.’,1
“can,1
venting,1
joy-imparting,1
‘awake,1
fairest,1
near—he,1
awake!’,1
sleeper,1
denounce,1
me—not,1
robbed,1
atone,1
securely,1
ranged,1
gratify,1
create.”,1
concede.”,1
kindled,1
anew,1
narrated,1
"it,”",1
extort,1
joint,1
"wrong,”",1
threatening,1
malicious,1
pities,1
ice-rifts,1
condemns,1
acceptance,1
barriers,1
submission,1
arch-enemy,1
inextinguishable,1
birth.”,1
contortions,1
proceeded—,1
detrimental,1
hundredfold,1
realised,1
sex,1
request!”,1
maker,1
lamb,1
kid,1
ripen,1
wantonness,1
cruelty,1
pitiless,1
desire.”,1
"propose,”",1
beasts,1
persevere,1
argue,1
harden,1
maker.”,1
compassionated,1
mass,1
withhold,1
distrust,1
feint,1
wider,1
revenge?”,1
trifled,1
excluded.”,1
calculations,1
ice-caves,1
ridges,1
possessing,1
faculties,1
oath,1
exile.”,1
burns,1
prayer,1
unutterable,1
appear.”,1
undulations,1
verge,1
winding,1
halfway,1
resting-place,1
fountain,1
darkness.”,1
twinkling,1
siroc,1
sensations—they,1
mountain’s,1
haggard,1
ban—as,1
sympathies—as,1
adoration,1
dedicate,1
devoting,1
disquisition,1
material,1
shrank,1
absolute,1
eradicating,1
blackness,1
overcast,1
rippling,1
salutations,1
readier,1
avow,1
treble,1
exordium,1
continued—,1
tie,1
declining,1
suited,1
assistants,1
considering,1
union.”,1
everyday,1
infirmities,1
competent,1
interpret,1
sincerity.”,1
manifold,1
impend,1
festival,1
bowing,1
indispensable,1
dilatory,1
unsatisfactory,1
aversion,1
aware,1
self-command,1
hiding,1
achieved,1
imaged,1
dictated,1
reasons,1
clothed,1
absorbing,1
duration,1
paternal,1
concert,1
interfered,1
coveted,1
impediment,1
intrusion,1
toils—one,1
enfranchised,1
arrangements,1
attacks,1
inasmuch,1
agonised,1
governed,1
intimated,1
acquiesced,1
disquiet,1
inroads,1
clerval—and,1
sedulous,1
conflicting,1
mute,1
tearful,1
careless,1
unobserving,1
bourne,1
indolence,1
joyful,1
shifting,1
"live,”",1
sorrowful!”,1
star,1
golden,1
sunrise,1
amused,1
avenue,1
shipping,1
willowy,1
mannheim,1
fifth,1
steep,1
edges,1
variegated,1
overlooking,1
vineyards,1
meandering,1
populous,1
song,1
glided,1
fairy-land,1
"seen,”",1
uri,1
perpendicularly,1
casting,1
water-spout,1
amid,1
pauses,1
nightly,1
la,1
valais,1
vaud,1
pleases,1
yon,1
amongst,1
inhabits,1
guards,1
country.”,1
eminently,1
nature.”,1
chastened,1
worldly-minded,1
teach,1
external,1
ardour:—,1
——the,1
sounding,1
cataract,1
remoter,1
unborrow’d,1
wordsworth’s,1
“tintern,1
abbey”,1
fanciful,1
creator;—has,1
divinely,1
wrought,1
unexampled,1
creates,1
cologne,1
holland,1
arising,1
december,1
cliffs,1
thames,1
flat,1
tilbury,1
fort,1
spanish,1
armada,1
gravesend,1
woolwich,1
greenwich—places,1
steeples,1
paul’s,1
towering,1
tower,1
famed,1
flourished,1
availed,1
uninteresting,1
sealed,1
india,1
materially,1
assisting,1
colonization,1
dejected,1
debar,1
quiver,1
palpitate,1
visitor,1
allurements,1
invitation,1
adorns,1
dwelling-places,1
october,1
february,1
27th,1
mountaineers,1
oaks,1
game,1
herds,1
transacted,1
charles,1
faithful,1
nation,1
forsaken,1
standard,1
parliament,1
falkland,1
insolent,1
goring,1
queen,1
colleges,1
isis,1
flows,1
reflects,1
towers,1
spires,1
embosomed,1
embittered,1
anticipation,1
discontent,1
ennui,1
elasticity,1
be—a,1
spectacle,1
pitiable,1
animating,1
successive,1
hampden,1
patriot,1
debasing,1
self-sacrifice,1
monuments,1
remembrancers,1
iron,1
scale,1
cave,1
cabinets,1
curiosities,1
collections,1
derby,1
patches,1
acquaintances,1
capacities,1
inferiors,1
"here,”",1
rhine.”,1
traveller’s,1
stretch,1
begins,1
finds,1
engages,1
forsakes,1
appointment,1
dæmon’s,1
superscription,1
ascertain,1
expedite,1
remissness,1
murdering,1
fancied,1
antiquity,1
pleasing,1
regularity,1
arthur’s,1
bernard’s,1
pentland,1
termination,1
coupar,1
andrew’s,1
tay,1
“enjoy,1
rendezvous,1
congenial,1
temper.”,1
dissuade,1
absence.”,1
parted,1
remotest,1
orkneys,1
soil,1
pasture,1
cows,1
oatmeal,1
gaunt,1
scraggy,1
tokens,1
luxuries,1
vacant,1
rooms,1
thatch,1
unplastered,1
hinges,1
benumbed,1
ungazed,1
unmolested,1
coarsest,1
ever-changing,1
thickly,1
giant,1
toiled,1
experiment,1
proceedings,1
immersed,1
unequal,1
tremulous,1
intermixed,1
sicken,1
compact,1
provocation,1
propagated,1
sophisms,1
pest,1
buy,1
casement,1
fulfilling,1
allotted,1
forests,1
howl,1
devilish,1
locking,1
resume,1
specked,1
profundity,1
arrested,1
paddling,1
creaking,1
softly,1
helplessness,1
rooted,1
smothered,1
willow,1
incalculable,1
hopes?”,1
wickedness.”,1
“slave,1
reasoned,1
condescension,1
obey!”,1
irresolution,1
exasperate,1
rage.”,1
“shall,1
"man,”",1
“find,1
requited,1
ravish,1
grovel,1
remains—revenge,1
henceforth,1
tyrant,1
tormentor,1
gazes,1
fearless,1
wiliness,1
snake,1
venom,1
inflict.”,1
“devil,1
coward,1
inexorable.”,1
wedding-night.”,1
“villain,1
death-warrant,1
safe.”,1
precipitation,1
shot,1
arrowy,1
perturbed,1
strife,1
insatiate,1
words—“_i,1
wedding-night._”,1
barbarously,1
depths,1
night’s,1
contention,1
insuperable,1
wearily,1
uninterrupted,1
separation,1
overpowered,1
death-knell,1
satisfying,1
ravenous,1
oaten,1
cake,1
fishing-boat,1
packet,1
wearing,1
fruitlessly,1
negotiation,1
indian,1
besought,1
pack,1
handle,1
daybreak,1
summoned,1
unlocked,1
half-finished,1
mangled,1
relics,1
cleaning,1
renewing,1
basest,1
atrocious,1
aboard,1
overspread,1
gurgling,1
position,1
keel,1
soundly,1
coast,1
embarked,1
compass,1
slenderly,1
atlantic,1
immeasurable,1
buffeted,1
prelude,1
flew,1
"“fiend,”",1
fulfilled!”,1
clerval—all,1
merciless,1
closing,1
breakers,1
swell,1
flood,1
clinging,1
steered,1
civilised,1
traced,1
issuing,1
"friends,”",1
am?”,1
"enough,”",1
hoarse,1
“maybe,1
disconcerted,1
frowning,1
roughly?”,1
“surely,1
englishmen,1
inhospitably.”,1
villains.”,1
dialogue,1
annoyed,1
murmuring,1
ill-looking,1
kirwin’s,1
yourself.”,1
“who,1
country?”,1
“ay,1
honest,1
folks,1
night.”,1
conductor,1
politic,1
construed,1
calamity,1
recall,1
conductors,1
brother-in-law,1
northerly,1
port,1
creek,1
carrying,1
tackle,1
sands,1
lantern,1
drowned,1
handsome,1
augury,1
swore,1
positively,1
push,1
rubbed,1
apothecary,1
arisen,1
likely,1
——,1
deposited,1
coincidences,1
eventful,1
affair,1
gasped,1
benefactor—”,1
convulsions,1
grasping,1
screamed,1
snatches,1
brides,1
worms,1
resist,1
shocks,1
wheel,1
awaking,1
gaolers,1
bolts,1
flashed,1
bad,1
characterise,1
class,1
indifference,1
sir?”,1
horror.”,1
"matter,”",1
that’s,1
same.”,1
prescribed,1
medicines,1
hangman,1
recovering,1
penalty,1
shocking,1
comfortable?”,1
receiving.”,1
charge.”,1
concern,1
mortals,1
persecuted,1
“nothing,1
chances,1
renowned,1
hospitality,1
unaccountable,1
path.”,1
retrospect,1
“immediately,1
kind.”,1
lament?”,1
"well,”",1
taunt,1
incitement,1
enter!”,1
inspiring,1
repugnance.”,1
father!”,1
elizabeth—and,1
assurances,1
son!”,1
clerval—”,1
hangs,1
henry.”,1
throbbings,1
executing,1
award,1
speechless,1
bury,1
assizes,1
decides,1
jury,1
bill,1
orkney,1
removal,1
liberated,1
vexations,1
palace,1
dense,1
glared,1
languishing,1
orbs,1
lids,1
maladie,1
du,1
divinest,1
paroxysms,1
unceasing,1
attendance,1
vigilance,1
committing,1
concealment,1
unfailing,1
fatigues,1
wreck—the,1
skeleton,1
inquietude,1
havre-de-grace,1
blew,1
repassed,1
residing,1
laudanum,1
drug,1
profoundly,1
nightmare,1
restlessness,1
security,1
truce,1
established,1
disastrous,1
imparted,1
overtaxed,1
erroneous,1
remedy,1
incurable,1
brethren,1
unchained,1
revel,1
hunt,1
acts,1
futility,1
this—i,1
henry—they,1
imprisonment,1
maintained,1
tongue,1
hearer,1
inmates,1
confided,1
uncontrollably,1
infatuation,1
again.”,1
"mad,”",1
energetically,1
race.”,1
deranged,1
obliterate,1
alluded,1
self-violence,1
curbed,1
imperious,1
formidable,1
weigh,1
doubts,1
postpone,1
playfellows,1
entertain,1
truth—do,1
opposed,1
futurity,1
eternally,1
cruellest,1
disinterested,1
tenfold,1
obstacle,1
obey,1
tomorrow,1
17—”,1
fiend—“_i,1
wedding-night!_”,1
glimpse,1
victorious,1
vanquished,1
massacred,1
lands,1
laid,1
adrift,1
homeless,1
penniless,1
reread,1
paradisiacal,1
apple,1
angel’s,1
bared,1
inevitable,1
torturer,1
wedding-night,1
binding,1
enunciation,1
conduce,1
designs,1
retard,1
centred,1
revealed,1
comply.”,1
thinner,1
charmed,1
despondent,1
attachment?”,1
“none,1
transfer,1
cruelly,1
deprived.”,1
“_i,1
"wedding-night_,”",1
unavoidable,1
seal,1
ever-watchful,1
nicer,1
tangible,1
serve,1
decorations,1
tragedy,1
inheritance,1
austrian,1
openly,1
attack,1
dagger,1
artifice,1
delusion,1
pervaded,1
bustle,1
diffidence,1
bride,1
assembled,1
nuptial,1
hot,1
canopy,1
montalègre,1
surmounting,1
emulate,1
coasting,1
opposing,1
invader,1
enslave,1
permits,1
enjoy.”,1
“there,1
whispers,1
sinister,1
dome,1
swimming,1
pebble,1
appears!”,1
divert,1
instants,1
distraction,1
drance,1
chasms,1
glens,1
amphitheatre,1
spire,1
range,1
amazing,1
ruffled,1
hay,1
clasp,1
outlines,1
swifter,1
vulture,1
busier,1
sell,1
timid,1
fear?”,1
"love,”",1
dreadful.”,1
passages,1
inspecting,1
intervened,1
dropped,1
fibre,1
trickling,1
extremities,1
expire,1
purest,1
figure—her,1
bloodless,1
bridal,1
bier,1
obstinate,1
posture,1
handkerchief,1
coldness,1
panic,1
jeer,1
leaped,1
nets,1
parties,1
directions,1
whirled,1
drunken,1
instinct,1
crawled,1
rambled,1
reflecting,1
confusedly,1
lastly,1
writhing,1
row,1
acme,1
delight—his,1
springs,1
dreamt,1
flowery,1
vales,1
released,1
cause—the,1
securing,1
accusation,1
authority,1
"sir,”",1
villain.”,1
“listen,1
falsehood.”,1
impressive,1
quieted,1
reconciled,1
marking,1
dates,1
deviating,1
invective,1
disbelief,1
seizure,1
revolt,1
occasion.”,1
auditor,1
officially,1
consequence,1
incredulity,1
mildly,1
defiance,1
dens,1
venture,1
intrude,1
inhabit.”,1
hovers,1
hunted,1
desert.”,1
intimidated,1
"mistaken,”",1
proportionate,1
properties,1
impracticable,1
disappointment.”,1
destruction.”,1
haughty,1
fierceness,1
martyrs,1
genevan,1
elevation,1
reverted,1
"“man,”",1
say.”,1
calculating,1
periods,1
wont,1
sandy,1
unsettled,1
entrance,1
cemetery,1
uninterested,1
observer,1
mourner,1
drag,1
weary,1
quivering,1
sacred,1
preside,1
adjuration,1
approved,1
furies,1
choked,1
re-echoed,1
satisfied.”,1
tartary,1
evaded,1
murmured,1
extricate,1
repast,1
invoked,1
bedim,1
courses,1
population,1
killed,1
cooking,1
retain,1
wearied,1
toilsome,1
dreaming,1
waking,1
mechanical,1
marks,1
barks,1
reign,1
over”—these,1
legible,1
inscriptions—“you,1
impassive,1
tardily,1
hare,1
wrestle,1
arrive.”,1
northward,1
thickened,1
hovels,1
article,1
inscription,1
“prepare,1
wrap,1
furs,1
hatred.”,1
invigorated,1
unabated,1
ruggedness,1
greeks,1
gibe,1
grapple,1
hamlet,1
seashore,1
accurate,1
armed,1
trained,1
harnessed,1
horror-struck,1
frosts,1
destructive,1
mountainous,1
sunny,1
triumphant,1
hovered,1
land-sledge,1
purchasing,1
retribution,1
protraction,1
wrung,1
speck,1
dusky,1
strained,1
wiped,1
disencumbered,1
hour’s,1
ice-rock,1
intervening,1
crags,1
perceptibly,1
days’,1
ominous,1
drifting,1
lessening,1
riding,1
anchor,1
holding,1
astounded,1
construct,1
mercy,1
multiplied,1
undergone,1
live—swear,1
eloquent,1
persuasive,1
fiend-like,1
sword,1
hover,1
steel,1
aright,1
continuation,1
26th,1
congeal,1
curdles,1
downcast,1
suppressing,1
volcano,1
bursting,1
imprecations,1
asseverations,1
formation,1
friend?”,1
“or,1
own.”,1
corrected,1
“since,1
"narration,”",1
mutilated,1
posterity.”,1
strangest,1
counsel,1
infinitely,1
destitute,1
composes,1
holds,1
derives,1
excitements,1
imposing,1
literature,1
displays,1
forcible,1
pathetic,1
greatness,1
"younger,”",1
coolness,1
achievements,1
talents,1
herd,1
projectors,1
serves,1
speculations,1
aspired,1
omnipotence,1
analysis,1
trod,1
exulting,1
recognise,1
rarely,1
rise.”,1
reconcile,1
repulses,1
"walton,”",1
later,1
infantine,1
eradicated,1
fraud,1
dealing,1
association,1
fraught,1
die.”,1
2d,1
admit,1
threaten,1
endangered,1
schemes,1
visitings,1
heart-felt,1
expectations,1
regards,1
talks,1
auguries,1
rouses,1
energies,1
mole-hills,1
crushed,1
glimmers,1
lifelessness,1
wan,1
friend—his,1
listlessly—i,1
admission,1
leader,1
deputation,1
surmounted,1
despaired,1
smooth,1
encountered,1
handed,1
chilly,1
firesides,1
shame,1
defeat,1
yourselves,1
cowards,1
stuff,1
stigma,1
brows,1
fought,1
backs,1
foe.”,1
modulated,1
strenuously,1
terminate,1
shamefully,1
unsupported,1
indecision,1
despond,1
9th,1
passive,1
shout,1
long-continued,1
dozing,1
"shout,”",1
“because,1
england.”,1
return?”,1
demands,1
unwillingly,1
return.”,1
assigned,1
endow,1
strength.”,1
surgeon,1
composing,1
grieve,1
bidding,1
blamable,1
well-being,1
paramount,1
claims,1
refusing,1
actuated,1
renounce,1
points,1
balancing,1
misled,1
disturbs,1
distinguishing,1
succeed.”,1
fainter,1
feebly,1
irradiation,1
comment,1
depth,1
inadequate,1
overshadowed,1
portend,1
fairly,1
stir,1
hoarser,1
comes,1
ill-fated,1
describe—gigantic,1
locks,1
texture,1
consummated,1
self-devoted,1
irretrievably,1
lovedst,1
obeying,1
scaring,1
self-reproaches,1
"repentance,”",1
superfluous,1
heeded,1
stings,1
diabolical,1
lived.”,1
dream?”,1
"he,”",1
ten-thousandth,1
lingering,1
wrenched,1
heart-broken,1
pitied,1
disobey,1
riot,1
adapt,1
rekindled,1
“wretch!”,1
whine,1
torch,1
buildings,1
hypocritical,1
withdrawn,1
power.”,1
thus—not,1
"thus,”",1
participated,1
opprobrium,1
fame,1
falsely,1
pardoning,1
nourished,1
meanest,1
comparable,1
catalogue,1
transcendent,1
associates,1
wasting,1
craving,1
fellowship,1
sinned,1
contumely,1
execrate,1
saviour,1
immaculate,1
abortion,1
kicked,1
trampled,1
boils,1
injured,1
select,1
specimen,1
irremediable,1
haunt,1
“fear,1
needed,1
thither,1
curious,1
unquenched,1
affords,1
rustling,1
warbling,1
polluted,1
didst,1
hadst,1
wouldst,1
rankle,1
"soon,”",1
triumphantly,1
exult,1
torturing,1
conflagration,1
fade,1
thinks,1
farewell.”,1
cabin-window,1
84-0.txt,1
84-0.zip,1
http://www.gutenberg.org/8/84,1
one--the,1
renamed,1
special,1
specific,1
easy,1
reports,1
performances,1
away--you,1
commercial,1
http://gutenberg.net/license,1
1.a,1
indicate,1
trademark/copyright,1
abide,1
1.b,1
pglaf,1
compilation,1
sharing,1
1.d,1
govern,1
addition,1
downloading,1
accessed,1
1.e.2,1
derived,1
charges,1
1.e.3,1
1.e.4,1
unlink,1
detach,1
1.e.5,1
display,1
redistribute,1
1.e.6,1
convert,1
binary,1
compressed,1
nonproprietary,1
proprietary,1
processing,1
hypertext,1
expense,1
exporting,1
viewing,1
gross,1
calculate,1
taxes,1
60,1
legally,1
periodic,1
notifies,1
e-mail,1
30,1
s/he,1
discontinue,1
1.f,1
1.f.1,1
expend,1
transcribe,1
proofread,1
stored,1
inaccurate,1
corrupt,1
data,1
transcription,1
infringement,1
damaged,1
virus,1
codes,1
1.f.2,1
disclaim,1
remedies,1
negligence,1
strict,1
contract,1
f3,1
distributor,1
indirect,1
consequential,1
punitive,1
incidental,1
elect,1
opportunities,1
problem,1
1.f.4,1
as-is,1
merchantibility,1
1.f.5,1
disclaimers,1
exclusion,1
types,1
violates,1
maximum,1
invalidity,1
unenforceability,1
1.f.6,1
indemnity,1
indemnify,1
agent,1
employee,1
promotion,1
indirectly,1
modification,1
additions,1
deletions,1
c,1
synonymous,1
obsolete,1
middle-aged,1
hundreds,1
financial,1
reaching,1
gutenberg-tm's,1
goals,1
ensuring,1
2001,1
permanent,1
sections,1
http://www.pglaf.org,1
non,1
profit,1
educational,1
corporation,1
organized,1
mississippi,1
granted,1
revenue,1
ein,1
identification,1
64-6221541,1
http://pglaf.org/fundraising,1
deductible,1
state's,1
4557,1
melan,1
fairbanks,1
ak,1
99712,1
throughout,1
809,1
1500,1
salt,1
ut,1
84116,1
801,1
596-1887,1
business@pglaf.org,1
gregory,1
newby,1
executive,1
director,1
gbnewby@pglaf.org,1
depends,1
licensed,1
machine,1
accessible,1
array,1
outdated,1
"5,000",1
maintaining,1
irs,1
regulating,1
charities,1
charitable,1
50,1
paperwork,1
determine,1
solicitation,1
prohibition,1
accepting,1
unsolicited,1
donors,1
international,1
gratefully,1
statements,1
swamp,1
staff,1
pages,1
donation,1
addresses,1
checks,1
card,1
http://pglaf.org/donate,1
originator,1
thirty,1
network,1
volunteer,1
edition,1
main,1
pg,1
http://www.gutenberg.net,1
subscribe,1
newsletter,1
