the,4259
to,4166
of,3686
and,3445
her,2510
a,2099
in,1984
i,1921
was,1844
it,1712
she,1570
that,1363
be,1303
for,1256
not,1255
as,1222
you,1219
he,1082
with,1031
his,1015
had,993
at,846
have,821
but,800
is,771
by,765
on,701
all,665
so,634
him,632
elinor,616
my,613
which,596
could,573
no,557
from,552
mrs,525
would,514
they,510
very,498
their,496
marianne,488
this,477
them,461
were,440
been,438
what,428
any,427
me,422
or,420
more,403
your,387
said,387
every,373
than,363
will,360
such,359
an,345
do,334
one,317
if,309
when,301
must,292
only,288
much,287
own,269
who,267
are,252
herself,249
did,240
should,238
time,237
am,235
there,231
now,230
know,228
dashwood,224
how,221
we,221
might,215
can,214
sister,213
though,213
some,213
has,213
edward,210
well,209
miss,209
think,205
after,202
mother,201
before,198
jennings,198
other,197
may,189
never,186
thing,184
without,182
too,181
nothing,180
mr,178
soon,178
willoughby,176
see,174
ever,167
being,165
colonel,163
out,162
first,160
say,158
most,157
little,156
lucy,156
however,154
about,152
two,150
house,148
then,148
great,147
john,147
good,145
make,142
again,140
its,139
day,138
lady,137
made,137
give,130
sure,130
shall,129
even,125
heart,123
always,123
sir,118
thought,116
brandon,116
into,115
dear,115
man,114
away,113
himself,111
up,111
saw,111
while,109
ferrars,109
felt,104
last,103
long,103
young,103
many,101
same,101
enough,100
still,99
replied,99
myself,99
upon,99
left,98
over,98
come,98
go,98
mind,97
happy,97
room,97
less,96
both,95
where,94
kind,94
therefore,93
cannot,93
quite,92
seemed,91
indeed,90
believe,90
world,89
us,89
barton,89
came,89
project,88
tell,88
almost,87
hope,87
middleton,87
moment,85
cried,85
really,84
town,84
present,83
nor,83
family,82
till,82
place,80
perhaps,80
few,80
morning,80
like,79
affection,78
our,78
heard,78
better,77
down,76
love,75
another,75
letter,75
way,74
rather,74
yet,74
found,74
feelings,72
marianne's,72
once,72
wish,72
gave,71
something,71
together,71
immediately,71
person,70
done,70
hear,70
whom,69
brother,69
subject,69
home,68
far,68
between,68
least,68
spirits,68
look,68
just,68
told,68
pleasure,66
whole,66
against,66
these,66
feel,65
towards,65
hardly,65
woman,64
poor,64
because,64
within,63
behaviour,63
happiness,63
engagement,63
palmer,63
opinion,62
acquaintance,62
three,62
visit,62
knew,61
elinor's,61
since,61
looked,61
friends,61
comfort,60
certainly,60
cottage,60
others,60
known,59
general,58
leave,58
having,58
going,58
each,58
brought,58
speak,58
under,57
life,57
attention,57
off,57
work,57
manner,56
people,56
oh,56
end,56
here,56
does,56
seen,56
short,56
gutenberg-tm,56
half,55
yes,55
eyes,55
continued,55
find,55
wished,54
situation,54
suppose,54
side,54
norland,53
rest,53
given,53
sister's,53
reason,53
returned,52
part,52
often,52
park,51
longer,51
took,51
next,51
chapter,50
married,50
voice,50
friend,50
those,49
already,49
possible,49
farther,49
regard,49
party,49
body,49
passed,49
went,49
particular,48
word,48
evening,48
years,47
thousand,47
whose,47
why,47
street,47
days,46
sisters,46
mother's,46
determined,46
beyond,46
business,46
able,46
matter,46
minutes,46
obliged,46
old,45
neither,45
take,45
doubt,45
received,44
marriage,44
power,44
return,44
name,44
else,44
glad,44
interest,43
perfectly,43
called,43
edward's,43
account,43
directly,43
full,43
put,43
wife,42
kindness,42
whether,42
entirely,42
added,41
fanny,41
began,41
seeing,41
pounds,40
means,40
equally,40
want,40
carriage,40
set,40
engaged,40
surprise,40
talk,40
four,39
conversation,39
entered,39
through,39
back,39
saying,39
hand,39
greater,38
whatever,38
expected,38
real,38
point,38
hours,38
steele,38
spent,37
fortune,37
coming,37
child,37
themselves,37
husband,37
giving,37
mean,37
satisfaction,37
yourself,37
sat,37
sense,36
use,36
settled,36
live,36
conduct,36
daughter,36
dare,36
year,36
impossible,36
open,36
wonder,36
object,36
ask,36
door,36
jennings's,36
works,36
right,35
arrival,35
dashwoods,35
spite,35
either,35
ought,35
silent,35
call,35
particularly,35
head,35
pretty,35
willoughby's,35
girl,34
appeared,34
new,34
manners,34
spoke,34
ready,34
country,34
london,34
terms,33
children,33
attachment,33
deal,33
answer,33
gone,33
case,33
keep,33
months,33
character,33
ladies,33
night,33
sorry,33
week,33
care,33
afterwards,32
sake,32
living,32
margaret,32
invitation,32
different,32
certain,32
assure,32
pleased,32
talked,32
near,32
silence,32
ma'am,32
small,31
common,31
fancy,31
convinced,31
course,31
get,31
alone,31
state,31
instantly,31
hour,31
confidence,31
gutenberg,30
happened,30
wishes,30
former,30
comfortable,30
opportunity,30
stay,30
judgment,30
future,30
natural,30
wanted,30
believed,30
son,29
notice,29
taken,29
company,29
easily,29
circumstances,29
kept,29
necessary,29
anxious,29
change,29
usual,29
walked,29
remained,28
strong,28
knowledge,28
resolved,28
money,28
marry,28
five,28
doing,28
greatest,28
countenance,28
words,28
likely,28
sometimes,28
misery,28
repeated,28
appearance,28
steeles,28
robert,28
produced,27
daughters,27
occasion,27
concern,27
exactly,27
considered,27
let,27
anything,27
expect,27
question,27
turned,27
allow,27
truth,27
understand,27
favour,27
taste,27
hearing,27
round,27
past,27
got,27
affair,27
suffered,27
lord,27
electronic,27
large,26
gentleman,26
handsome,26
expectation,26
talking,26
best,26
acquainted,26
assured,26
mama,26
exceedingly,26
declared,26
resolution,26
surprised,26
fear,26
foundation,26
lucy's,26
likewise,25
read,25
immediate,25
latter,25
advantage,25
otherwise,25
fine,25
feeling,25
appear,25
satisfied,25
met,25
pain,25
event,25
information,25
delaford,25
bed,25
late,24
ten,24
father,24
desire,24
favourite,24
proper,24
delight,24
supposed,24
answered,24
scarcely,24
seems,24
face,24
agreeable,24
devonshire,24
curiosity,24
joy,24
thoughts,24
dinner,24
brandon's,24
taking,24
low,24
distress,24
forced,24
don't,24
cleveland,24
society,23
disappointment,23
earnest,23
nature,23
easy,23
income,23
knowing,23
worth,23
serious,23
prevent,23
idea,23
things,23
weeks,23
smile,23
meet,23
afraid,23
painful,23
formed,23
effect,23
tears,23
reached,23
share,23
table,23
unfortunate,23
probably,23
making,23
meeting,23
constant,22
merely,22
sent,22
danger,22
consider,22
promise,22
affectionate,22
plan,22
regret,22
address,22
respect,22
help,22
journey,22
asked,22
bear,22
fixed,22
thus,22
used,22
dashwood's,21
temper,21
cold,21
fond,21
equal,21
avoid,21
disposition,21
hundred,21
true,21
strange,21
melancholy,21
conviction,21
tried,21
view,21
window,21
beauty,21
wrong,21
among,21
leaving,21
ill,21
wait,21
eldest,20
eager,20
exertion,20
looking,20
forth,20
emotion,20
early,20
men,20
forward,20
admiration,20
remember,20
times,20
enjoyment,20
speaking,20
mistaken,20
friendship,20
inquiry,20
letters,20
smallest,20
agreement,20
walk,20
sitting,20
above,20
delighted,20
seem,20
chance,20
soul,20
second,20
public,20
lost,20
estate,19
lived,19
age,19
loss,19
receive,19
meant,19
arrived,19
required,19
difference,19
circumstance,19
except,19
staying,19
none,19
united,19
indifference,19
form,19
especially,19
hoped,19
discourse,19
stairs,19
weather,19
connection,19
unhappy,19
servant,19
liberty,19
companion,18
led,18
need,18
paid,18
style,18
breakfast,18
support,18
esteem,18
music,18
pity,18
praise,18
delightful,18
attended,18
consequence,18
particulars,18
difficulty,18
become,18
entrance,18
elegance,18
middletons,18
unable,18
hopes,18
eye,18
alarm,18
anxiety,18
mentioned,18
allenham,18
secret,18
honour,18
joined,18
compassion,18
thinking,18
purpose,18
tenderness,18
necessity,18
charlotte,18
considerable,17
capable,17
amiable,17
understanding,17
quiet,17
hers,17
parties,17
spirit,17
mine,17
sight,17
became,17
ease,17
intelligence,17
composure,17
calmness,17
simple,17
warmth,17
attempt,17
inclination,17
difficulties,17
calm,17
written,17
removed,17
behind,17
recollection,17
welcome,17
cousins,17
followed,17
bring,17
air,17
allowed,17
disappointed,17
hair,17
writing,17
charming,17
relief,17
looks,17
hands,17
astonishment,17
agitation,17
berkeley,17
alteration,16
cheerfulness,16
girls,16
a-year,16
quitted,16
civility,16
carried,16
whenever,16
aware,16
twice,16
gratitude,16
several,16
persuaded,16
rich,16
loved,16
overcome,16
turn,16
grave,16
express,16
observation,16
worse,16
excuse,16
moments,16
cause,16
ferrars's,16
john's,16
laughed,16
influence,16
declare,16
nobody,16
pause,16
pray,16
write,16
smith,16
relations,16
harley,16
license,15
engage,15
increased,15
charge,15
gained,15
prospect,15
highly,15
interesting,15
affliction,15
afford,15
itself,15
assistance,15
altogether,15
imagine,15
pleasant,15
violent,15
fire,15
unwilling,15
civil,15
mutual,15
disposed,15
delay,15
offer,15
suffering,15
exeter,15
match,15
middleton's,15
supported,15
smart,15
indifferent,15
observed,15
finding,15
prevented,15
tomorrow,15
during,15
presence,15
agree,15
lately,15
turning,15
note,15
combe,15
trust,15
please,15
expressed,15
utmost,15
donations,15
sensibility,14
copy,14
due,14
respectable,14
invited,14
seven,14
selfish,14
propriety,14
inconvenience,14
frequently,14
everything,14
treated,14
secure,14
politeness,14
opinions,14
justice,14
perceive,14
knows,14
folly,14
wishing,14
encouragement,14
mention,14
expense,14
relation,14
understood,14
explanation,14
six,14
suffer,14
drew,14
rose,14
twenty,14
engagements,14
marrying,14
yesterday,14
heavy,14
eagerly,14
news,14
ago,14
amusement,14
importance,14
spoken,14
proof,14
receiving,14
suspicion,14
creature,14
sit,14
fresh,14
duty,14
free,14
morton,14
states,14
intended,13
degree,13
important,13
remaining,13
assurance,13
leisure,13
sending,13
offence,13
earnestly,13
sensible,13
reflection,13
consolation,13
pressed,13
dreadful,13
assist,13
parted,13
consent,13
trouble,13
says,13
merit,13
occurred,13
approbation,13
persuasion,13
expression,13
calling,13
astonished,13
reasonable,13
evil,13
comparison,13
remain,13
solicitude,13
continual,13
vanity,13
hold,13
thirty,13
extremely,13
laugh,13
confess,13
employment,13
aye,13
sweet,13
opposition,13
recovered,13
naturally,13
concerned,13
walking,13
yours,13
grateful,13
following,13
orders,13
won't,13
returning,13
feared,13
instead,13
drawing-room,13
conscience,13
proved,13
paragraph,13
copyright,13
literary,13
archive,13
affections,12
uncle,12
cheerful,12
lay,12
illness,12
promised,12
increase,12
besides,12
spare,12
excellent,12
resemblance,12
related,12
restored,12
material,12
consideration,12
unnecessary,12
informed,12
couple,12
acknowledged,12
superior,12
private,12
warm,12
probability,12
fact,12
enter,12
beautiful,12
drawn,12
smiling,12
length,12
warmly,12
imagination,12
lively,12
perceived,12
greatly,12
burst,12
wrote,12
distance,12
hastily,12
possession,12
hills,12
waiting,12
bringing,12
procured,12
prepared,12
finished,12
censure,12
fortnight,12
suddenly,12
raised,12
join,12
intimate,12
dislike,12
heartily,12
sincere,12
suspect,12
ignorance,12
send,12
placed,12
tea,12
angry,12
fell,12
bad,12
dance,12
acknowledge,12
minute,12
forgot,12
beginning,12
moment's,12
palmer's,12
communication,12
health,12
consciousness,12
ebook,11
property,11
provided,11
recommended,11
sooner,11
eagerness,11
imprudence,11
grief,11
sorrow,11
mistress,11
request,11
horses,11
spend,11
raise,11
inquiries,11
pleasing,11
contrary,11
objects,11
ideas,11
striking,11
evident,11
drawing,11
picture,11
happen,11
attempted,11
sudden,11
removal,11
garden,11
cousin,11
objection,11
concluded,11
interested,11
number,11
stand,11
design,11
valley,11
thoroughly,11
wondered,11
gay,11
colonel's,11
active,11
meaning,11
employed,11
rain,11
caught,11
hurried,11
parlour,11
fellow,11
colour,11
o'clock,11
force,11
reproach,11
spared,11
openly,11
attend,11
judged,11
profession,11
uncertain,11
probable,11
variety,11
secrecy,11
attached,11
tone,11
broken,11
accept,11
exclaimed,11
stopped,11
magna,11
dared,11
monstrous,11
wretched,11
injured,11
forget,11
language,10
reasonably,10
sum,10
including,10
act,10
tender,10
advice,10
generally,10
learn,10
wholly,10
visitors,10
anybody,10
neighbourhood,10
settle,10
parting,10
one's,10
fifty,10
pay,10
readily,10
absolutely,10
ceased,10
brother's,10
partiality,10
education,10
miles,10
choice,10
direct,10
mistake,10
thrown,10
stood,10
high,10
indignation,10
attending,10
post,10
offered,10
explained,10
service,10
sigh,10
waited,10
determine,10
agreed,10
along,10
direction,10
depend,10
admire,10
safe,10
uncomfortable,10
assurances,10
fears,10
seated,10
eight,10
remembrance,10
notion,10
endeavouring,10
effort,10
justify,10
lips,10
sentence,10
opened,10
thank,10
nearly,10
speech,10
apology,10
urged,10
fortitude,10
sunk,10
delicacy,10
reply,10
third,10
forgiven,10
forgive,10
absence,10
oxford,10
hurt,10
lucky,10
beau,10
deceived,10
miserable,10
card,10
borne,10
watched,10
fancied,10
trademark,10
access,10
refund,10
cost,9
sussex,9
advanced,9
death,9
produce,9
twelvemonth,9
abilities,9
condition,9
accepted,9
observe,9
servants,9
unpleasant,9
undoubtedly,9
expenses,9
women,9
described,9
furniture,9
moved,9
intentions,9
impatient,9
believing,9
introduced,9
intimacy,9
depended,9
reserve,9
merits,9
separation,9
frequent,9
lover,9
satisfy,9
books,9
draw,9
matters,9
dearest,9
concealed,9
sentiments,9
ashamed,9
laughing,9
behaved,9
result,9
distant,9
sufficient,9
quit,9
around,9
arose,9
village,9
dine,9
confined,9
abroad,9
desirous,9
encouraging,9
dull,9
clear,9
submit,9
convince,9
slight,9
extraordinary,9
amazement,9
unfortunately,9
ran,9
chair,9
story,9
sort,9
today,9
catching,9
ay,9
complexion,9
softened,9
light,9
lock,9
credit,9
sincerely,9
guess,9
humour,9
shocking,9
sides,9
listened,9
conscious,9
bestow,9
plainly,9
uneasiness,9
actions,9
telling,9
resist,9
odd,9
sleep,9
motive,9
ended,9
laid,9
struck,9
fix,9
can't,9
beg,9
pardon,9
proud,9
attempting,9
close,9
parsonage,9
single,8
supply,8
proceeded,8
existence,8
secured,8
improvement,8
strength,8
mother-in-law,8
affected,8
rendered,8
unless,8
addition,8
reflect,8
prudent,8
excess,8
agony,8
seeking,8
similar,8
fair,8
earnestness,8
continuance,8
approve,8
claim,8
amongst,8
comes,8
getting,8
belonging,8
remove,8
prudence,8
doubted,8
alike,8
figure,8
concerns,8
domestic,8
unlike,8
established,8
gain,8
reading,8
seat,8
elegant,8
nay,8
offended,8
commendation,8
venture,8
delicate,8
started,8
explain,8
deny,8
stronger,8
marked,8
shew,8
totally,8
performance,8
hard,8
visitor,8
enjoy,8
visited,8
message,8
held,8
dining,8
strongly,8
discovered,8
chief,8
suspected,8
listening,8
regarded,8
conceal,8
hurry,8
follow,8
self-command,8
restless,8
walks,8
learnt,8
stop,8
carrying,8
additional,8
england,8
setting,8
embarrassment,8
perfect,8
thinks,8
gentle,8
persuade,8
buy,8
imagined,8
cards,8
mere,8
attentions,8
escape,8
horse,8
comprehend,8
presently,8
paper,8
observing,8
complete,8
changed,8
madam,8
hitherto,8
possibly,8
pass,8
leaning,8
trying,8
solitude,8
possibility,8
occur,8
deserve,8
instant,8
owed,8
resentment,8
reward,8
grey,8
bound,8
palmers,8
ah,8
fit,8
assertion,8
longstaple,8
calmly,8
advise,8
provide,8
positive,8
success,8
permission,8
safely,8
watching,8
cruel,8
triumph,8
pride,8
compliance,8
eliza,8
everybody,8
office,8
doctor,8
harris,8
associated,8
domain,8
fee,8
laws,8
february,7
thanks,7
residence,7
owner,7
goodness,7
wealth,7
independent,7
arise,7
also,7
value,7
noise,7
completely,7
source,7
breach,7
valued,7
voluntarily,7
eligible,7
begged,7
harry,7
performed,7
instance,7
lives,7
effects,7
takes,7
independence,7
excessively,7
owe,7
spot,7
reflections,7
sincerity,7
attentive,7
afforded,7
establishment,7
peculiar,7
liked,7
speedily,7
seriously,7
animated,7
preference,7
supposing,7
friendly,7
accommodation,7
nearer,7
continuing,7
removing,7
show,7
limited,7
chiefly,7
departure,7
shortly,7
insensible,7
offices,7
impression,7
size,7
add,7
tolerably,7
improvements,7
busy,7
employments,7
entreaties,7
ladyship,7
hill,7
winter,7
sex,7
luckily,7
instrument,7
lasted,7
quick,7
discovery,7
ridiculous,7
rate,7
invariably,7
indisposition,7
readiness,7
accepting,7
unaccountable,7
farewell,7
try,7
habit,7
partial,7
ground,7
passing,7
declined,7
youth,7
thanked,7
entering,7
jealous,7
personal,7
further,7
picturesque,7
recovery,7
belief,7
shewn,7
shame,7
bestowed,7
arranged,7
objections,7
succeeded,7
considering,7
tempt,7
decided,7
satisfactory,7
joke,7
across,7
blow,7
williams,7
happier,7
coloured,7
acting,7
impertinent,7
hint,7
nice,7
poverty,7
makes,7
distrust,7
inevitable,7
syllable,7
begun,7
avoided,7
road,7
endeavoured,7
smiled,7
willing,7
ring,7
forgiveness,7
founded,7
grew,7
materially,7
idle,7
appearing,7
lessen,7
ceremony,7
chuse,7
good-natured,7
inclined,7
dress,7
chose,7
beaux,7
vast,7
amendment,7
dependence,7
shocked,7
unhappiness,7
to-morrow,7
measure,7
shop,7
escaped,7
conduit,7
oppressed,7
quarter,7
rising,7
sufferings,7
prove,7
maid,7
fate,7
deserved,7
paying,7
honest,7
robert's,7
distributing,7
ebooks,7
copies,7
section,7
father's,6
died,6
unjust,6
providing,6
needed,6
valuable,6
attractions,6
mark,6
severe,6
command,6
generosity,6
liberal,6
intention,6
husband's,6
sorrows,6
encouraged,6
sought,6
exert,6
sister-in-law,6
period,6
ruin,6
divided,6
desirable,6
discretion,6
distressed,6
game,6
finally,6
dwelling,6
beloved,6
rejoiced,6
liberality,6
contempt,6
motives,6
shyness,6
younger,6
broke,6
improving,6
excited,6
dissatisfied,6
principles,6
uncommonly,6
betrayed,6
extent,6
fully,6
points,6
fanny's,6
proceed,6
views,6
pretend,6
proposal,6
judge,6
arrangement,6
pianoforte,6
increasing,6
begin,6
cease,6
walls,6
passage,6
downs,6
interrupted,6
basket,6
moreover,6
favourable,6
remark,6
enquire,6
total,6
humoured,6
eat,6
raillery,6
companions,6
compliment,6
missed,6
remarkably,6
ventured,6
wit,6
declining,6
security,6
exchange,6
recollecting,6
pursuits,6
charms,6
shut,6
preceding,6
book,6
fall,6
perceiving,6
action,6
confusion,6
puzzled,6
describe,6
somersetshire,6
fatigue,6
phrase,6
check,6
reception,6
caution,6
actually,6
dropped,6
amends,6
previously,6
using,6
calculated,6
careful,6
accidentally,6
faint,6
inconstancy,6
admit,6
stopt,6
communicated,6
carry,6
build,6
discover,6
fast,6
red,6
grounds,6
whitwell,6
recollect,6
later,6
drove,6
drive,6
remarks,6
gratifying,6
church,6
conjecture,6
maintained,6
defect,6
hereafter,6
press,6
listen,6
guilt,6
cordiality,6
plain,6
confession,6
vain,6
reach,6
plymouth,6
c,6
eighteen,6
offend,6
altered,6
grown,6
gaiety,6
adopt,6
medium,6
pained,6
brief,6
whisper,6
elsewhere,6
bow,6
droll,6
asking,6
school,6
obtain,6
unceasing,6
submitted,6
an't,6
anne,6
situations,6
communicate,6
endeavour,6
engaging,6
trusted,6
suspense,6
tired,6
editions,6
hopeless,6
succeeding,6
unkindness,6
forgotten,6
scheme,6
tis,6
january,6
chaise,6
dread,6
impatience,6
fearful,6
god,6
lead,6
faith,6
signify,6
convincing,6
happiest,6
dearer,6
dorsetshire,6
degrees,6
bartlett's,6
nancy,6
gray's,6
promoting,6
selfishness,6
thomas,6
punishment,6
la,6
patient,6
distribute,6
distribution,6
comply,6
web,6
tax,6
volunteers,6
anyone,5
release,5
date,5
legal,5
comfortably,5
steady,5
disposal,5
wife's,5
provision,5
occasional,5
unkind,5
sanguine,5
widow,5
ordinary,5
shewing,5
entreaty,5
induced,5
nineteen,5
clever,5
generous,5
created,5
wretchedness,5
deeply,5
struggle,5
treat,5
boy,5
numerous,5
earth,5
expectations,5
advisable,5
fifteen,5
claims,5
justly,5
season,5
conceive,5
sold,5
saved,5
fitted,5
wanting,5
pointed,5
houses,5
growing,5
trifling,5
connected,5
fortunately,5
promising,5
disturb,5
assisted,5
symptom,5
attach,5
announce,5
seventeen,5
deficient,5
blind,5
wound,5
ignorant,5
principle,5
declaration,5
warrant,5
exposed,5
delivered,5
whence,5
connections,5
blessing,5
vexed,5
rapid,5
offering,5
prevailed,5
maids,5
prepare,5
unknown,5
preserved,5
extended,5
demands,5
abode,5
enable,5
although,5
overcame,5
front,5
gate,5
admitted,5
building,5
covered,5
lasting,5
spring,5
difficult,5
properly,5
formerly,5
denied,5
newspaper,5
tall,5
improved,5
reserved,5
common-place,5
questions,5
exercise,5
strangers,5
gravity,5
roused,5
noisy,5
musical,5
play,5
loud,5
raptures,5
impertinence,5
forlorn,5
ill-natured,5
nurse,5
convenience,5
confinement,5
fever,5
languid,5
purposely,5
tolerable,5
urgent,5
enquiry,5
occasioned,5
wind,5
sharing,5
accident,5
whither,5
sprung,5
relating,5
frank,5
reproof,5
enquiries,5
features,5
usually,5
dancing,5
examination,5
congratulate,5
justified,5
cares,5
injustice,5
observations,5
reasons,5
fault,5
hanging,5
privilege,5
presented,5
schemes,5
concealment,5
disgrace,5
excessive,5
desired,5
piece,5
hesitation,5
guilty,5
impropriety,5
touch,5
cut,5
white,5
standing,5
harm,5
repeat,5
twelve,5
frightened,5
persuading,5
method,5
blushed,5
admired,5
concealing,5
filled,5
involved,5
seeming,5
accounts,5
grieving,5
unwillingness,5
disturbed,5
witnessed,5
wondering,5
blame,5
attribute,5
doubts,5
integrity,5
startled,5
temptation,5
acknowledging,5
silently,5
crying,5
line,5
loves,5
speedy,5
travelled,5
scene,5
coldness,5
reverie,5
heaven,5
eloquence,5
goes,5
collection,5
stupid,5
guided,5
thoughtfulness,5
contradicted,5
promote,5
parts,5
glance,5
middle,5
suspicions,5
bent,5
openness,5
designs,5
parent,5
flattering,5
constantly,5
misfortune,5
law,5
fashion,5
expensive,5
run,5
patience,5
slightly,5
dined,5
treatment,5
obligation,5
inquire,5
surely,5
flattered,5
prevail,5
gentleness,5
vastly,5
uncle's,5
checked,5
thorough,5
pratt,5
sink,5
betraying,5
fright,5
compassionate,5
cast,5
remembered,5
aside,5
firmness,5
regrets,5
repetition,5
opening,5
preparation,5
recollected,5
working,5
introduce,5
risk,5
breaking,5
constancy,5
anger,5
ear,5
deep,5
conclusion,5
inform,5
dismissed,5
implied,5
approach,5
bless,5
witness,5
shock,5
events,5
sound,5
day's,5
expecting,5
entreat,5
nervous,5
foolish,5
treating,5
wine,5
torture,5
cruelty,5
good-nature,5
regretting,5
individual,5
thankful,5
buildings,5
complaint,5
scruple,5
gentlemen,5
flattery,5
dawlish,5
rational,5
gratefully,5
donavan,5
hysterics,5
preparing,5
born,5
principal,5
imputed,5
creating,5
copying,5
1.e.1,5
posted,5
replacement,5
jane,4
austen,4
included,4
online,4
start,4
extensive,4
1,4
surrounding,4
housekeeper,4
woods,4
benefit,4
visits,4
tricks,4
a-piece,4
recommendation,4
ill-disposed,4
conducted,4
duties,4
romantic,4
daughter-in-law,4
taught,4
encourage,4
forbearance,4
bid,4
reminded,4
suited,4
amount,4
senses,4
begging,4
neglect,4
prodigious,4
annuity,4
forty,4
annuities,4
sick,4
abhorrence,4
regular,4
raises,4
allowance,4
clearly,4
china,4
decision,4
3,4
incapable,4
welfare,4
firmly,4
comprehension,4
driving,4
careless,4
sentiment,4
inferior,4
separate,4
pains,4
attaching,4
highest,4
tenderly,4
drawings,4
characters,4
severely,4
bore,4
driven,4
wild,4
pronounced,4
overlook,4
require,4
fortunate,4
4,4
simplicity,4
offending,4
rapturous,4
honoured,4
subjects,4
improve,4
sweetness,4
certainty,4
doubtful,4
lose,4
pursuit,4
felicity,4
genius,4
dependent,4
indulgence,4
uneasy,4
sons,4
unconscious,4
contained,4
fail,4
county,4
acknowledgment,4
oppose,4
moderate,4
indulged,4
announcing,4
travelling,4
disregarded,4
water,4
sell,4
examine,4
defer,4
fulfilled,4
quitting,4
continue,4
winding,4
mile,4
court,4
defective,4
narrow,4
repair,4
collected,4
throwing,4
contented,4
insisted,4
polite,4
graceful,4
well-bred,4
hung,4
shy,4
resembled,4
outward,4
forming,4
procuring,4
merry,4
jokes,4
husbands,4
insipidity,4
mirth,4
clothes,4
song,4
diverted,4
exquisite,4
enjoyed,4
absurdity,4
throw,4
deceive,4
thirty-five,4
pausing,4
detain,4
composed,4
distinction,4
invariable,4
mix,4
earliest,4
beauties,4
sky,4
pitied,4
twisted,4
arms,4
dirty,4
robbed,4
previous,4
rapidity,4
interval,4
ride,4
talents,4
pointer,4
visiting,4
conquest,4
tendency,4
height,4
lovely,4
discussion,4
arguments,4
displayed,4
familiarity,4
despatch,4
estimation,4
forms,4
riches,4
slighted,4
employ,4
decide,4
curricle,4
suggest,4
unreserve,4
provoke,4
display,4
devoted,4
experienced,4
inconveniences,4
experience,4
conjectures,4
testimony,4
gift,4
wisest,4
consented,4
mentioning,4
addressing,4
neck,4
dead,4
piano-forte,4
noble,4
morning's,4
carriages,4
excursion,4
daughter's,4
colouring,4
attendance,4
shook,4
careys,4
announced,4
bowed,4
universally,4
procure,4
elder,4
determination,4
bye,4
sickly,4
varying,4
relative,4
practice,4
sacrifice,4
dispose,4
flatter,4
apartment,4
apparently,4
handkerchief,4
shewed,4
travel,4
behave,4
expedient,4
nearest,4
daily,4
affairs,4
anxiously,4
reverse,4
correspondence,4
forcing,4
wandering,4
carefully,4
distinguish,4
deficiency,4
distinguished,4
month,4
shared,4
tranquil,4
situated,4
guessed,4
hunters,4
unanimous,4
commission,4
falling,4
unworthy,4
misapprehension,4
advised,4
inattention,4
scenes,4
ruined,4
finest,4
vexation,4
affecting,4
satisfying,4
inviting,4
lie,4
displeased,4
attributed,4
fettered,4
plans,4
genteel,4
temple,4
idleness,4
honourable,4
professions,4
respecting,4
examining,4
horrid,4
devil,4
dropt,4
sly,4
rude,4
directed,4
intimately,4
somehow,4
wherever,4
charlotte's,4
guests,4
coach,4
human,4
complacency,4
ears,4
suggested,4
pocket,4
lady's,4
fondly,4
proposed,4
outside,4
proportion,4
lot,4
sister-in-law's,4
personally,4
paused,4
depends,4
perplexity,4
suspecting,4
hasty,4
falsehood,4
hoping,4
proofs,4
prospects,4
pitiable,4
tranquillity,4
divide,4
counsel,4
weight,4
happily,4
impossibility,4
card-table,4
supper,4
rubber,4
terrible,4
unpardonable,4
measures,4
likes,4
incumbent,4
weary,4
accompany,4
shan't,4
foresee,4
quietly,4
reconciled,4
putting,4
elevated,4
exclamation,4
choose,4
rap,4
thoughtful,4
concerning,4
bond,4
extreme,4
amuse,4
precious,4
appointment,4
indisposed,4
collect,4
delayed,4
application,4
demand,4
remains,4
attitude,4
permitted,4
necessarily,4
moving,4
inquired,4
peace,4
misconduct,4
considerate,4
spreading,4
report,4
hardened,4
served,4
contents,4
comforts,4
acted,4
acquit,4
governed,4
civilities,4
defend,4
sympathy,4
weakness,4
unwelcome,4
withdrew,4
error,4
it--i,4
relate,4
relieved,4
sighed,4
vindication,4
dignity,4
good-will,4
michaelmas,4
receipt,4
gracious,4
exultation,4
dr,4
assent,4
land,4
pair,4
apprehensions,4
screens,4
distresses,4
horror,4
dreaded,4
courage,4
performing,4
pratt's,4
library,4
humility,4
needless,4
turns,4
perform,4
soothe,4
urge,4
curacy,4
below,4
compliments,4
unexpected,4
mansion-house,4
genuine,4
awakened,4
lesser,4
infinitely,4
dying,4
submission,4
mission,4
1.e.8,4
located,4
displaying,4
freely,4
format,4
status,4
distributed,4
holder,4
fees,4
requirements,4
site,4
1.f.3,4
contact,4
damages,4
www.gutenberg.net,3
generations,3
henry,3
niece,3
solid,3
amply,3
succession,3
destroyed,3
cunning,3
outweigh,3
respected,3
discharge,3
fortunes,3
ungracious,3
possessed,3
coolness,3
enabled,3
counteract,3
govern,3
respects,3
violence,3
admitting,3
rouse,3
accommodate,3
rob,3
exist,3
requested,3
gravely,3
convenient,3
occasions,3
hesitated,3
purchase,3
rid,3
payment,3
yearly,3
rent,3
move,3
strictly,3
acceptable,3
stanhill,3
plate,3
linen,3
argument,3
irresistible,3
heightening,3
suitable,3
notions,3
approved,3
affluence,3
mothers,3
doctrine,3
attracted,3
diffident,3
longed,3
unobtrusive,3
ill-timed,3
chanced,3
contrast,3
banished,3
comprehended,3
penetration,3
rapidly,3
approaching,3
attract,3
admires,3
charm,3
tame,3
lines,3
cowper,3
despair,3
performances,3
opportunities,3
engrossed,3
studied,3
pronounce,3
well-informed,3
pure,3
conjectured,3
cold-hearted,3
rank,3
advantages,3
dejection,3
expressively,3
resolving,3
parish,3
unfeeling,3
guest,3
hastened,3
dissuade,3
unavoidable,3
principally,3
household,3
description,3
shed,3
wandered,3
viewing,3
decay,3
green,3
roof,3
painted,3
feet,3
square,3
windows,3
additions,3
indispensable,3
plenty,3
snug,3
accordingly,3
wise,3
placing,3
good-humoured,3
frankness,3
debating,3
securing,3
sportsman,3
supplied,3
arrangements,3
summer,3
doors,3
balls,3
unaffected,3
captivating,3
settling,3
sportsmen,3
welcomed,3
smallness,3
families,3
elderly,3
vulgar,3
laughter,3
lovers,3
absolute,3
bachelor,3
sang,3
order,3
horrible,3
outlived,3
humanity,3
ability,3
attachments,3
attentively,3
ridicule,3
infirmity,3
protect,3
complain,3
terror,3
benefited,3
flannel,3
pulse,3
resolute,3
seek,3
rejoicing,3
sensations,3
pursued,3
clouds,3
running,3
steep,3
false,3
safety,3
playing,3
yards,3
modesty,3
intrusion,3
wet,3
granted,3
departed,3
manly,3
regarding,3
energy,3
formality,3
becoming,3
thursday,3
decent,3
nicest,3
cap,3
prompted,3
violently,3
skin,3
brown,3
good-breeding,3
conversed,3
admiring,3
topic,3
ardour,3
example,3
faultless,3
secretly,3
perceptible,3
opposed,3
beheld,3
oppression,3
hints,3
disappointments,3
boast,3
converse,3
abuse,3
various,3
east,3
troublesome,3
stretched,3
comparatively,3
stubborn,3
disliking,3
restraint,3
checking,3
ensured,3
memory,3
boys,3
conversing,3
dangerous,3
series,3
rise,3
extravagant,3
refused,3
indulgent,3
subdued,3
imprudent,3
expressing,3
pronouncing,3
scissors,3
kissed,3
authority,3
margaret's,3
rained,3
strict,3
bold,3
sun,3
requires,3
guineas,3
men's,3
horseback,3
provoking,3
lowering,3
concluding,3
contentment,3
unlikely,3
ill-judged,3
corner,3
wood,3
steadiness,3
intermission,3
sadly,3
cleared,3
complained,3
expressive,3
alarmed,3
variation,3
rooms,3
imaginary,3
excused,3
absent,3
affectation,3
quarrel,3
intending,3
probabilities,3
candid,3
wretchedly,3
deceitful,3
involuntary,3
pressing,3
slightest,3
wept,3
indulging,3
applied,3
suspended,3
solitary,3
meditations,3
volume,3
exertions,3
gaining,3
screen,3
abruptly,3
leaves,3
passion,3
rousing,3
grandeur,3
lane,3
displeasure,3
indignant,3
greatness,3
competence,3
self,3
somebody,3
animation,3
magnificent,3
print,3
tree,3
recall,3
talks,3
fancying,3
originated,3
neighbours,3
honestly,3
timber,3
farm,3
disgusted,3
landscape,3
detest,3
profess,3
trees,3
fingers,3
catch,3
learned,3
drink,3
yourselves,3
expressions,3
repeatedly,3
study,3
effusion,3
discontent,3
busily,3
faulty,3
indulge,3
meditation,3
inevitably,3
stepping,3
drinking,3
endure,3
asleep,3
ate,3
westons,3
ill-bred,3
cross,3
insolence,3
scolded,3
confirmation,3
inquiring,3
neighbour,3
creatures,3
consequent,3
introduction,3
sharp,3
offspring,3
bestowing,3
screams,3
professedly,3
critical,3
knees,3
mouth,3
remembering,3
sad,3
reality,3
task,3
freedom,3
youngest,3
luck,3
somewhat,3
productive,3
alluded,3
powers,3
aid,3
heavens,3
fixing,3
firm,3
keeping,3
exceeding,3
t'other,3
lest,3
obtained,3
authorised,3
unfairly,3
blamable,3
deprived,3
defects,3
consoled,3
flow,3
evidently,3
chat,3
eating,3
affording,3
finish,3
filigree,3
angel,3
papers,3
relieve,3
deprive,3
failed,3
trial,3
coxcomb,3
lower,3
protection,3
solemnity,3
dividing,3
laying,3
accustomary,3
unlucky,3
lengthened,3
fulfill,3
thither,3
ways,3
wounding,3
faults,3
revealed,3
attack,3
prevailing,3
acquisition,3
unconcern,3
gladly,3
addressed,3
inn,3
released,3
conveyed,3
ecstasy,3
mildness,3
represent,3
strongest,3
tonight,3
frost,3
afternoon,3
derived,3
unfit,3
aloud,3
contrived,3
unwell,3
to-day,3
liable,3
confirm,3
stirring,3
crowd,3
approached,3
tuesday,3
regretted,3
dreadfully,3
reviving,3
unprincipled,3
weakened,3
rupture,3
gloomy,3
dressed,3
desperate,3
intervals,3
pen,3
avoiding,3
pitying,3
liking,3
acknowledgments,3
humble,3
deeper,3
worst,3
deliverance,3
hate,3
wildly,3
m.d,3
earlier,3
justification,3
repeating,3
posture,3
bustle,3
amused,3
ellison,3
wants,3
parsonage-house,3
whispered,3
bloom,3
closed,3
impulse,3
page,3
confident,3
awkward,3
fervent,3
threw,3
trace,3
lodgings,3
well-meaning,3
self-reproach,3
communicating,3
confessed,3
negligence,3
exciting,3
earned,3
willoughbys,3
grand,3
hour's,3
toothpick-case,3
conceit,3
serve,3
truly,3
green-house,3
rewarded,3
pleasantly,3
morton's,3
spirited,3
graciousness,3
declaring,3
meanness,3
rejoice,3
servant's,3
advance,3
temporary,3
elliott,3
strengthened,3
habits,3
wonderful,3
narration,3
confirmed,3
enjoying,3
obtaining,3
her;--and,3
awful,3
benevolence,3
rascal,3
dignified,3
gardens,3
march,3
spread,3
ordained,3
torn,3
prettily,3
good-hearted,3
resisted,3
apologising,3
vacant,3
presentation,3
recovering,3
fetch,3
confirming,3
gravel,3
dry,3
reduced,3
feverish,3
apothecary,3
affect,3
sleepless,3
pang,3
blessed,3
slow,3
progress,3
fool,3
injury,3
sacrificed,3
heightened,3
pursuing,3
separated,3
chusing,3
preserve,3
copied,3
atonement,3
wicked,3
ill-will,3
leading,3
thence,3
worthless,3
attraction,3
errand,3
compare,3
crime,3
comparisons,3
destroy,3
complying,3
derivative,3
entity,3
links,3
paragraphs,3
1.e.7,3
1.e.9,3
official,3
user,3
royalty,3
applicable,3
donate,3
payments,3
efforts,3
equipment,3
disclaimer,3
liability,3
warranties,3
limitation,3
foundation's,3
u.s,3
email,3
anywhere,2
restrictions,2
whatsoever,2
re-use,2
author,2
25,2
updated,2
11,2
special,2
centre,2
nephew,2
gentleman's,2
ungrateful,2
tied,2
unusual,2
imperfect,2
hearted,2
meditated,2
repent,2
attendants,2
honor,2
immovable,2
disgust,2
despise,2
sakes,2
effectual,2
moderation,2
strikingly,2
cherished,2
overpowered,2
renewed,2
consult,2
well-disposed,2
2,2
possess,2
relationship,2
marriages,2
stout,2
disagreeable,2
perpetual,2
pin,2
occasionally,2
larger,2
richer,2
helping,2
i'll,2
unreasonable,2
brings,2
board,2
housekeeping,2
absurd,2
acts,2
services,2
legacy,2
disinclination,2
revive,2
rejected,2
solemn,2
smaller,2
reproached,2
relied,2
maternal,2
eligibility,2
according,2
graces,2
indication,2
blessings,2
attained,2
quieted,2
ambition,2
barouche,2
quietness,2
disapprove,2
grace,2
virtue,2
spiritless,2
learning,2
estimating,2
minuter,2
propensities,2
inclinations,2
unreserved,2
excellence,2
correct,2
indispensably,2
depending,2
limits,2
affronting,2
insinuations,2
inhabit,2
acceptance,2
acquiescence,2
5,2
son-in-law,2
hence,2
accommodating,2
resolve,2
tended,2
article,2
west,2
consulted,2
wisdom,2
mistress's,2
preferred,2
diminution,2
neglected,2
accomplishment,2
maintenance,2
adieus,2
leaf,2
motionless,2
tedious,2
neat,2
compact,2
sixteen,2
dried,2
september,2
commanded,2
surrounded,2
apartments,2
ourselves,2
possessions,2
theirs,2
cordially,2
perseverance,2
stuff,2
conveying,2
precaution,2
recurred,2
formal,2
gratification,2
shot,2
spoil,2
deficiencies,2
appetite,2
charmed,2
inhabitants,2
friendliness,2
showing,2
esteems,2
entire,2
gentlemanlike,2
recommend,2
pulled,2
played,2
acuteness,2
jointure,2
promotion,2
projecting,2
raising,2
discernment,2
ascertained,2
inconsiderable,2
endless,2
incomprehensible,2
ancient,2
youthful,2
intentionally,2
sensation,2
infirm,2
limbs,2
commonest,2
apprehensive,2
matrimony,2
inspire,2
unsuitable,2
commercial,2
chamber,2
damp,2
shoulders,2
waistcoat,2
species,2
ailment,2
cheek,2
hollow,2
showed,2
attainable,2
issued,2
summits,2
dirt,2
beneath,2
steps,2
showery,2
lastingly,2
gaily,2
ascended,2
glimpse,2
animating,2
unwillingly,2
shelter,2
step,2
involuntarily,2
bottom,2
gun,2
foot,2
ugly,2
midst,2
exterior,2
crimsoned,2
adorned,2
bolder,2
rider,2
resided,2
tumbling,2
attempts,2
ineligible,2
christmas,2
sparkling,2
covert,2
gross,2
illiberal,2
conquests,2
interview,2
handsomer,2
happens,2
brilliant,2
attractive,2
dark,2
vivacity,2
authors,2
dwelt,2
convert,2
brightness,2
enthusiasm,2
suffice,2
erred,2
decorum,2
scold,2
gradually,2
propensity,2
peculiarly,2
worldly,2
perfection,2
unjustifiable,2
noticed,2
rival,2
assigned,2
hindrance,2
injuries,2
esteemed,2
prejudiced,2
speaks,2
undiscerning,2
defence,2
protege,2
saucy,2
indies,2
hot,2
gold,2
candour,2
body's,2
insipid,2
unkindly,2
artful,2
unanswerable,2
threatened,2
irreproachable,2
invitations,2
accomplished,2
october,2
abhorred,2
disgraceful,2
subjection,2
evenings,2
cheated,2
ardent,2
amusements,2
teach,2
excite,2
considers,2
reflecting,2
wives,2
atone,2
perverseness,2
inforced,2
alter,2
stable,2
intends,2
groom,2
trifle,2
merest,2
insufficient,2
apparent,2
christian,2
wore,2
miniature,2
folded,2
pocket-book,2
withhold,2
sagacity,2
f,2
interruption,2
ladyship's,2
endeavours,2
recover,2
provisions,2
fatigued,2
assembled,2
avignon,2
discompose,2
admittance,2
invented,2
disappointing,2
obliging,2
honiton,2
complaints,2
lamentations,2
restrained,2
exultingly,2
ordered,2
lanes,2
impudence,2
dining-room,2
doubting,2
visibly,2
modern,2
reckoned,2
bargain,2
rated,2
distinguishing,2
stone,2
exact,2
kitchen,2
disadvantage,2
staircase,2
lowered,2
handsomest,2
dimensions,2
unchanged,2
foreseen,2
mantel-piece,2
linger,2
backwardness,2
tenderest,2
uncheerful,2
owned,2
sends,2
anticipated,2
recent,2
allowances,2
departing,2
deviation,2
acquitted,2
reproaching,2
syllables,2
carelessness,2
correspond,2
altar,2
uniformly,2
inconsistency,2
create,2
ungenerous,2
suspicious,2
embarrassed,2
avowal,2
consistent,2
representations,2
inexcusable,2
repose,2
incurring,2
awake,2
nourishment,2
forbidding,2
voices,2
gazing,2
sadness,2
alternately,2
courted,2
calmer,2
effusions,2
explanations,2
carries,2
suggesting,2
denial,2
rambles,2
reaching,2
rapturously,2
hastening,2
coat,2
pace,2
hurrying,2
confused,2
sufficiently,2
elect,2
plantations,2
farthest,2
conveniences,2
mortified,2
kindest,2
attributing,2
orator,2
cheeks,2
glowing,2
content,2
tells,2
it--and,2
loose,2
deception,2
judgments,2
aimed,2
gentility,2
inferiority,2
calls,2
higher,2
soft,2
atmosphere,2
scattered,2
falls,2
pretensions,2
fastidious,2
jargon,2
hackneyed,2
crooked,2
straight,2
thoughtfully,2
wear,2
momentary,2
shade,2
affront,2
internally,2
eyeing,2
censured,2
survey,2
discovering,2
enforced,2
nameless,2
communicative,2
astonishing,2
imperfectly,2
nicety,2
dashing,2
advantageous,2
promoted,2
accent,2
wasted,2
subdue,2
advancement,2
drawing-table,2
mortifying,2
lying,2
abundance,2
engross,2
space,2
willingness,2
staid,2
endowed,2
ceasing,2
significantly,2
expects,2
exerted,2
20,2
affectionately,2
seating,2
disgusting,2
dullness,2
contradict,2
contemptuous,2
succeed,2
superiority,2
applying,2
"now,""--said",2
refuse,2
resolutely,2
assented,2
hardship,2
declares,2
unluckily,2
monday,2
simply,2
existed,2
zeal,2
fashionable,2
resigned,2
contenting,2
reprimand,2
enthusiastic,2
sweetest,2
come--you,2
anew,2
actual,2
courting,2
viewed,2
searched,2
stolen,2
reciprocal,2
william,2
annamaria,2
agonies,2
lap,2
screamed,2
quest,2
entreated,2
i'm,2
there's,2
specimen,2
conjectural,2
impertinently,2
sport,2
audible,2
it's,2
advances,2
assiduities,2
flatteries,2
insincerity,2
instruction,2
deference,2
cautious,2
enquiring,2
trusting,2
hysterical,2
faithfully,2
revived,2
painting,2
imagining,2
tongue,2
alive,2
uncertainty,2
feelingly,2
veracity,2
names,2
ends,2
answerable,2
alarming,2
considerations,2
deceiving,2
feigned,2
rationally,2
forfeit,2
condemnation,2
rival's,2
honesty,2
combat,2
unwounded,2
consequences,2
meetings,2
charity,2
seclude,2
accompanied,2
tea-things,2
entertained,2
disappoint,2
bell,2
alacrity,2
infer,2
smooth,2
joyfully,2
condescend,2
practise,2
harmony,2
truest,2
robbing,2
guarding,2
observant,2
quick-sighted,2
tediousness,2
modest,2
bit,2
agitated,2
reluctance,2
self-interest,2
seldom,2
introducing,2
confidante,2
dinners,2
portion,2
streets,2
betty,2
strike,2
insured,2
referred,2
disregard,2
irritable,2
formidable,2
obstacle,2
unpleasantness,2
persisted,2
sole,2
mercy,2
sources,2
weaken,2
rapture,2
cheerless,2
zealous,2
ascertain,2
unfavourable,2
complaisance,2
solicitous,2
luxury,2
footman,2
two-penny,2
flutter,2
starting,2
head-aches,2
fatigues,2
somewhere,2
secrets,2
purchases,2
watch,2
occupied,2
indecision,2
flew,2
porter,2
appearances,2
whist,2
forwards,2
severity,2
mary,2
privacy,2
watchfulness,2
symptoms,2
city,2
compound,2
grieved,2
allowable,2
urging,2
foretold,2
hated,2
impatiently,2
disclosing,2
imaginable,2
dispirited,2
landing-place,2
lit,2
notes,2
lavender,2
subsisted,2
feed,2
sporting,2
uniting,2
heighten,2
sobs,2
requiring,2
sickness,2
measuring,2
disappeared,2
desperately,2
grievous,2
joint,2
follows,2
guarded,2
obligingly,2
insult,2
writer,2
bitter,2
irremediable,2
evils,2
dictate,2
chariot,2
nights,2
slept,2
aching,2
glass,2
anguish,2
kill,2
solemnly,2
adieu,2
grieve,2
unsolicited,2
condemned,2
strictest,2
art,2
supplication,2
firmer,2
barbarous,2
contend,2
nobly,2
innocence,2
ensued,2
30,2
good-for-nothing,2
taylor,2
dressing,2
cry,2
friend's,2
summoned,2
distressing,2
holidays,2
cure,2
sign,2
finishing,2
wealthy,2
pieces,2
promises,2
hinted,2
debt,2
fashioned,2
canal,2
yew,2
arbour,2
shoulder,2
colicky,2
gout,2
pall,2
mall,2
identify,2
stayed,2
grey's,2
guardian,2
perhaps--but,2
impetuous,2
innocent,2
uniform,2
gossip,2
goodwill,2
contrition,2
relying,2
intreat,2
positively,2
refusing,2
nerves,2
salutation,2
tending,2
heavily,2
guardianship,2
judging,2
cousin's,2
pleasures,2
inexperienced,2
restrain,2
search,2
extravagance,2
fallen,2
doted,2
stage,2
discharged,2
bath,2
incivility,2
smiles,2
creditable,2
dissipated,2
recital,2
easier,2
irritated,2
answering,2
origin,2
other's,2
retirement,2
doomed,2
scoundrel,2
drop,2
circle,2
worried,2
vent,2
soften,2
oblige,2
informing,2
davies,2
shillings,2
interposed,2
silenced,2
plagued,2
me!--i,2
gown,2
expressly,2
their's,2
tend,2
quicker,2
deciding,2
horrors,2
toothpick-cases,2
inspection,2
named,2
respectful,2
bespeak,2
pretence,2
eyed,2
narrowly,2
undecided,2
prior,2
remarkable,2
adjoining,2
flower-garden,2
brow,2
provocation,2
descend,2
conscientious,2
prosperity,2
thin,2
likelihood,2
easiest,2
well-behaved,2
suit,2
deed,2
utter,2
irrepressible,2
envy,2
aspect,2
contraction,2
now;--and,2
mortify,2
indigence,2
comparative,2
handed,2
beautifully,2
provoked,2
retort,2
arm,2
hiding,2
retained,2
prejudice,2
perplexed,2
creation,2
derive,2
affable,2
affability,2
volunteer,2
fetching,2
revenge,2
longest,2
expose,2
influenced,2
satirical,2
jealousies,2
discontents,2
detail,2
baby,2
befell,2
mode,2
per,2
shoes,2
performers,2
unrestrained,2
group,2
familiarly,2
mixing,2
reside,2
protest,2
courtland,2
managed,2
precisely,2
spacious,2
requisite,2
uncommon,2
malice,2
needle,2
fourth,2
gum,2
carpet-work,2
dressing-room,2
bitterly,2
housemaid,2
it;--but,2
him;--and,2
essential,2
bewitching,2
"me,--it",2
person's,2
frame,2
constitution,2
ingratitude,2
harmless,2
planning,2
prepossession,2
avail,2
represented,2
advancing,2
deserving,2
throughout,2
apprehension,2
man!--and,2
vehemence,2
forgave,2
kensington,2
hat,2
reports,2
sparks,2
wednesday,2
friday,2
richardson,2
interrupt,2
richardsons,2
lodging,2
kindly,2
preferment,2
betty's,2
troubles,2
another's,2
conclude,2
overcoming,2
vigorous,2
sketch,2
expeditiously,2
conference,2
rectory,2
undertake,2
differently,2
arisen,2
ordination,2
deliberating,2
preferable,2
solicitation,2
contributed,2
congratulations,2
saint,2
tithes,2
cows,2
disliked,2
tete-a-tete,2
assuring,2
weak,2
retain,2
gratify,2
me--it,2
fill,2
recalled,2
starved,2
shedding,2
lingering,2
prohibited,2
forenoon,2
lawn,2
shrubbery,2
shrubberies,2
grecian,2
wide,2
twilight,2
disinterested,2
throat,2
wildness,2
trifled,2
quarters,2
remedies,2
nursing,2
medicines,2
examined,2
restore,2
putrid,2
allowing,2
infection,2
harris's,2
withstood,2
forebodings,2
render,2
prescribed,2
slumber,2
messenger,2
resistance,2
lessened,2
arriving,2
darling,2
noon,2
injunction,2
breath,2
surpassing,2
much;--and,2
lobby,2
marlborough,2
addresses,2
impartial,2
libertine,2
wanton,2
morality,2
was--in,2
dissipation,2
villain,2
inducement,2
haste,2
hand-writing,2
sentences,2
original,2
kiss,2
joyful,2
harshly,2
unthought,2
soothing,2
pour,2
pale,2
watchful,2
self-evident,2
eventually,2
rested,2
containing,2
bearing,2
feebleness,2
production,2
fickle,2
autumn,2
wronged,2
grounded,2
repentance,2
trembled,2
slowly,2
replace,2
frugality,2
tidings,2
voluntary,2
they'd,2
bide,2
representation,2
mediation,2
consequently,2
experiencing,2
contracted,2
errors,2
unnatural,2
pages,2
calculate,2
reconciliation,2
50,2
annihilation,2
privately,2
file,2
files,2
formats,2
owns,2
royalties,2
rules,2
concept,2
registered,2
research,2
printed,2
redistribution,2
available,2
redistributing,2
intellectual,2
1.c,2
1.e,2
based,2
references,2
prominently,2
contain,2
vanilla,2
ascii,2
specified,2
physical,2
accordance,2
90,2
michael,2
hart,2
employees,2
computer,2
damage,2
warranty,2
costs,2
lieu,2
electronically,2
b,2
readable,2
widest,2
computers,2
501(c)(3,2
exempt,2
federal,2
contributions,2
s,2
locations,2
http://pglaf.org,2
solicit,2
ï»¿the,1
title,1
editor,1
2008,1
161,1
posting,1
2015,1
english,1
sharon,1
partridge,1
proofreading,1
correction,1
etext,1
1811,1
inheritor,1
bequeath,1
relish,1
devolved,1
inheriting,1
moiety,1
life-interest,1
nephew;--but,1
bequest,1
son;--but,1
son's,1
sale,1
articulation,1
economically,1
tardy,1
survived,1
legacies,1
urgency,1
prudently,1
was:--he,1
caricature,1
himself;--more,1
narrow-minded,1
warmed,1
successively,1
funeral,1
dispute,1
decease,1
indelicacy,1
unpleasing;--but,1
keen,1
whomsoever,1
acutely,1
qualified,1
counsellor,1
heart;--her,1
joys,1
afflicted,1
strive,1
good-humored,1
imbibed,1
romance,1
thirteen,1
installed,1
sisters-in-law,1
degraded,1
seasons,1
alloy,1
impoverishing,1
blood,1
light-headed,1
stipulate,1
diminished,1
half.--five,1
is--only,1
blood!--but,1
certainly--and,1
death--a,1
strikes,1
them--something,1
mean.--my,1
healthy,1
clogged,1
superannuated,1
amazing,1
restriction,1
drains,1
bind,1
inconvenient,1
enlarge,1
sixpence,1
discharging,1
presents,1
fish,1
that?--they,1
cheap,1
fulfil,1
removes,1
stock,1
belongs,1
indecorous,1
neighbourly,1
remembrances,1
indefatigable,1
steadier,1
earthly,1
7000l,1
year's,1
gentleman-like,1
repressed,1
uninfluenced,1
asunder,1
distinguished--as--they,1
political,1
parliament,1
barouches,1
centered,1
forcibly,1
implies,1
militated,1
man's,1
uninteresting,1
yet--he,1
man--there,1
wanting--his,1
draws,1
connoisseur,1
coincide,1
impenetrable,1
prose,1
cowper!--but,1
virtues,1
ornament,1
destiny,1
distrusts,1
innate,1
cordial,1
tastes,1
worthy,1
keeps,1
literature,1
imperfection,1
next--that,1
him--that,1
suspicion--the,1
little--scarcely,1
outstripped,1
stimulated,1
prosperous,1
denote,1
unpromising,1
inquietude,1
forbade,1
aggrandizement,1
uncivil,1
endeavor,1
timed,1
deliberation,1
daughter-in-law's,1
scale,1
vicinity,1
dispatched,1
incommode,1
inhabiting,1
civilly,1
replying,1
devonshire.--edward,1
northward,1
disapprobation,1
conscientiously,1
impracticable,1
consisted,1
packages,1
depart,1
furnished,1
done.--the,1
disposing,1
undoubtingly,1
feebly,1
son-in-law's,1
drift,1
purse,1
calculation,1
you!--when,1
elsewhere!--oh,1
more!--and,1
ye,1
well-known,1
trees!--but,1
same.--no,1
branch,1
longer!--no,1
shade!--but,1
6,1
fertile,1
wooded,1
pasture,1
demesne,1
wicket,1
tiled,1
shutters,1
honeysuckles,1
bed-rooms,1
garrets,1
built,1
indeed!--but,1
cheered,1
recommending,1
cultivated,1
woody,1
terminated,1
branched,1
steepest,1
parlors,1
remainder,1
bed-chamber,1
garret,1
widen,1
before-hand,1
alterations,1
savings,1
arranging,1
endeavoring,1
unpacked,1
affixed,1
landlord,1
sociable,1
fruit,1
denoting,1
detract,1
chatty,1
extremity,1
differed,1
7,1
screened,1
projection,1
hospitality,1
dissimilar,1
talent,1
unconnected,1
compass,1
hunted,1
resources,1
breeding,1
piqued,1
collecting,1
noisier,1
juvenile,1
ham,1
chicken,1
unsatiable,1
females,1
manor,1
moonlight,1
fat,1
witty,1
hearts,1
pretended,1
blush,1
attacks,1
adapted,1
unpleasing,1
repulsive,1
boisterous,1
tore,1
unlocked,1
songs,1
lain,1
position,1
celebrated,1
applauded,1
sing,1
forfeited,1
shameless,1
amounted,1
ecstatic,1
sympathize,1
estimable,1
contrasted,1
insensibility,1
8,1
ample,1
respectably,1
zealously,1
weddings,1
blushes,1
decisively,1
accusation,1
rheumatism,1
miracle,1
losing,1
dooming,1
rheumatic,1
waistcoats,1
aches,1
cramps,1
rheumatisms,1
afflict,1
feeble,1
despised,1
flushed,1
grate,1
bedchamber,1
unaccountably,1
dejected,1
9,1
familiar,1
occupation,1
classed,1
mansion,1
reminding,1
possessor,1
stirred,1
abounded,1
alternative,1
valleys,1
memorable,1
sunshine,1
tempting,1
pencil,1
threatening,1
cloud,1
blue,1
faces,1
gales,1
south-westerly,1
this?--margaret,1
resisting,1
heads,1
chagrined,1
exigence,1
speed,1
pointers,1
apologized,1
gracefulness,1
theme,1
gallantry,1
lifting,1
hero,1
dresses,1
shooting-jacket,1
sprained,1
ankle,1
indignantly,1
black,1
bitch,1
shades,1
inherit,1
adding,1
incommoded,1
hop,1
danced,1
abhor,1
odious,1
construction,1
deemed,1
ingenuity,1
smitten,1
spraining,1
ankles,1
10,1
preserver,1
precision,1
styled,1
cant,1
outraged,1
transparency,1
hardily,1
passionately,1
largest,1
conformity,1
passages,1
idolized,1
each--or,1
acquiesced,1
decisions,1
long-established,1
scott,1
pope,1
exhausted,1
scanty,1
deceitful--had,1
roads,1
elinor--she,1
jest,1
irksome,1
persons,1
sacrificing,1
undivided,1
slighting,1
desperation,1
seized,1
rash,1
delineated,1
brighter,1
speculative,1
sons-in-law,1
incurred,1
annexed,1
successful,1
him--in,1
mild,1
gloominess,1
undervalue,1
remembers,1
patronised,1
indignity,1
contemptuously,1
climate,1
mosquitoes,1
nabobs,1
mohrs,1
palanquins,1
nobody's,1
coats,1
brilliancy,1
imperfections,1
mass,1
possessing,1
disarm,1
mare,1
occupy,1
execution,1
witnessing,1
excellencies,1
marking,1
aim,1
illaudable,1
illustration,1
partners,1
dances,1
everlasting,1
talker,1
history,1
home;--and,1
sisterly,1
contrives,1
basis,1
define,1
prejudices,1
systems,1
nought,1
resumed,1
criminal,1
minutiae,1
attachment's,1
pardonable,1
sentiments--no,1
refinements,1
change--from,1
connect,1
disastrous,1
12,1
bred,1
arrives,1
gallop,1
awaken,1
dream,1
truths,1
intimacy;--it,1
appeal,1
representing,1
faithful,1
forego,1
"voice,--""but",1
queen,1
mab,1
overheard,1
tempers,1
clearer,1
high-church,1
whispering,1
tumbled,1
stated,1
unison,1
attacked,1
curate,1
invention,1
begins,1
inelegant,1
mindful,1
amidst,1
brother-in-law,1
proprietor,1
sail,1
undertaking,1
fortnight;--and,1
13,1
dispersing,1
hardships,1
brandon;--he,1
"john.--""it",1
trick,1
newton,1
conveniently,1
pry,1
stare,1
consultation,1
leant,1
new-furnished,1
propose,1
enquired,1
pleasanter,1
pleasantness,1
evince,1
smith's,1
you.--there,1
bowling-green,1
"furniture,--but",1
newly,1
up--a,1
pleasantest,1
summer-rooms,1
14,1
termination,1
wonderer,1
comings,1
goings,1
befallen,1
wager,1
speculation,1
incompatible,1
contradictory,1
lover's,1
ending,1
happening,1
"exclaimed--""improve",1
inch,1
local,1
unemployed,1
uselessly,1
pull,1
smokes,1
it;--in,1
broader,1
endear,1
denoted,1
inhabited,1
prescience,1
degrade,1
extend,1
15,1
pretext,1
foresight,1
noticing,1
partook,1
over-powered,1
"entered--""is",1
ill--for,1
exercised,1
dispatches,1
exhilaration,1
london!--and,1
obliged;--and,1
confusedly,1
nature--that--i,1
torment,1
sister;--the,1
indubitable,1
feeding,1
notice--gone,1
return!--something,1
quarrelled,1
way;--but,1
can--it,1
suspects,1
disapproves,1
away;--and,1
transact,1
dismiss,1
dares,1
feels,1
cavil,1
blameable,1
inadvertence,1
depressed,1
certainties,1
unavoidably,1
practiced,1
defence?--i,1
happy--and,1
smith--and,1
accuse,1
incautiousness,1
affection;--that,1
outweighs,1
fainter,1
mighty,1
concession,1
morning;--he,1
character;--but,1
stranger,1
independently,1
prosperously,1
swollen,1
16,1
risen,1
headache,1
potent,1
oftenest,1
singing,1
fetches,1
mystery,1
inflict,1
unacknowledged,1
dearly,1
revealment,1
overstrained,1
witticisms,1
hour;--but,1
shakespeare,1
hamlet,1
again...but,1
no--nor,1
stole,1
climbing,1
disapproved,1
seclusion,1
controlled,1
stretch,1
riding,1
indeed;--i,1
"is!""--and",1
particularity,1
quickened,1
dispersed,1
dismounted,1
continuation,1
thickly,1
transporting,1
showers,1
inspired,1
nuisance,1
swept,1
"are.""--as",1
moments;--but,1
equals,1
rises,1
bottoms,1
friendliest,1
directing,1
extorting,1
regulate,1
17,1
extending,1
reanimate,1
praised,1
parents,1
fame,1
famous,1
external,1
describing,1
accurately,1
"edward--""but",1
hunt,1
novel,1
apiece,1
insufficiency,1
vanish,1
booksellers,1
music-sellers,1
print-shops,1
you--and,1
books!--thomson,1
scott--she,1
disputes,1
edward--whether,1
spent--some,1
least--my,1
cash,1
bulk,1
heirs,1
ablest,1
maxim,1
life--your,1
presume,1
steadfast,1
girl--she,1
does--sometimes,1
animation--but,1
detected,1
mistakes,1
ingenious,1
oneself,1
deliberate,1
subservient,1
confound,1
conform,1
foolishly,1
negligent,1
awkwardness,1
"started--""reserved",1
reserved!--how,1
fullest,1
extent--and,1
18,1
inspiring,1
reservedness,1
intimated,1
breakfast-room,1
upstairs,1
minutely,1
marianne--remember,1
surfaces,1
uncouth,1
irregular,1
rugged,1
indistinct,1
hazy,1
country--the,1
snug--with,1
meadows,1
answers,1
unites,1
utility--and,1
rocks,1
promontories,1
moss,1
brush,1
believes,1
affects,1
discrimination,1
possesses,1
scenery,1
pretends,1
tries,1
defined,1
worn,1
blasted,1
flourishing,1
tattered,1
cottages,1
nettles,1
thistles,1
heath,1
blossoms,1
farm-house,1
watch-tower--and,1
troop,1
tidy,1
villages,1
banditti,1
plait,1
conspicuous,1
darker,1
inconsiderately,1
felt--but,1
surpassed,1
casts,1
instantaneously,1
conclusions,1
theft,1
contrivance,1
henceforward,1
newness,1
significant,1
instructions,1
entertainment,1
contribute,1
alone--and,1
whitakers,1
sure.--what,1
blushing,1
guessing,1
hunts,1
archness,1
you?--but,1
hope...i,1
19,1
self-mortification,1
unequal,1
improved--he,1
environs--never,1
sigh--declared,1
disengaged--even,1
them--but,1
quickly--he,1
detested,1
qualifications,1
painfully,1
extorted,1
consistency,1
shortness,1
temporizing,1
well-established,1
grievance,1
"yield,--when",1
reformed,1
renewal,1
finger,1
it--you,1
least--you,1
helpless,1
army,1
chambers,1
circles,1
gigs,1
abstruse,1
navy,1
solicitations,1
trades,1
columella's,1
patience--or,1
fascinating,1
ere,1
defy,1
desponding,1
judiciously,1
augment,1
meritorious,1
easily;--with,1
ones,1
loving,1
shutting,1
"produce,--with",1
forbidden,1
chained,1
closing,1
knocking,1
turf,1
casement,1
hush,1
hallooing,1
plump,1
prepossessing,1
self-consequence,1
briefly,1
surveying,1
meantime,1
nodding,1
pointing,1
ushered,1
stared,1
pitched,1
ceiling,1
oftener,1
satisfied--the,1
yield,1
ours,1
hanover-square,1
chaperon,1
"room--""you",1
bowing,1
complaining,1
billiard,1
vile,1
"palmer--""then",1
gilberts,1
whip,1
abused,1
genuinely,1
unaffectedly,1
soured,1
bias,1
silly,1
"woman,--but",1
blunder,1
establishing,1
ill-breeding,1
"do,--and",1
delightful!--my,1
"sneer--""i",1
canvassing,1
election,1
fatiguing,1
parliament!--won't,1
m.p.--but,1
"continued--""he",1
irrational,1
palm,1
abuses,1
languages,1
droll--all,1
well--i,1
cleveland.--i,1
decline,1
changing,1
gathered,1
"palmer;--""not",1
before;--but,1
weymouth,1
did.--i,1
bond-street,1
oh--he,1
praises,1
i.--he,1
"charlotte.--""and",1
objected,1
21,1
entertain,1
unsuitableness,1
invite,1
"elegance,--whose",1
philosophy,1
ungenteel,1
unfashionable,1
doatingly,1
benevolent,1
philanthropic,1
"he--""pray",1
come--i,1
playthings,1
boasting,1
smartness,1
judicious,1
extolling,1
humouring,1
whims,1
importunate,1
patterns,1
foibles,1
rapacious,1
beings,1
credulous,1
exorbitant,1
swallow,1
endurance,1
encroachments,1
mischievous,1
sashes,1
untied,1
work-bags,1
knives,1
composedly,1
claiming,1
steeles's,1
"window--""he",1
monkey,1
boy's,1
pinching,1
playful,1
caressing,1
quiet--never,1
embraces,1
scratching,1
child's,1
pattern,1
outdone,1
consternation,1
surpass,1
emergency,1
assuage,1
sufferer,1
kisses,1
bathed,1
lavender-water,1
stuffed,1
sugar,1
plums,1
sobbed,1
lustily,1
kicked,1
brothers,1
soothings,1
ineffectual,1
apricot,1
marmalade,1
successfully,1
bruised,1
remedy,1
scratch,1
medicine,1
trivial,1
lies,1
eclat,1
life.--i,1
doat,1
distractedly,1
estimate,1
lief,1
nasty,1
clerk,1
simpson,1
beaux--they,1
beaux;--you,1
blinded,1
shrewd,1
artlessness,1
steeles.--they,1
niggardly,1
dealt,1
consists,1
"particulars,--and",1
twill,1
"soon,--but",1
proclaiming,1
newer,1
significancy,1
nods,1
winks,1
f--had,1
countless,1
wittiest,1
alphabet,1
inquisitiveness,1
assertions,1
petty,1
disadvantage.--but,1
unavailing,1
22,1
toleration,1
vulgarity,1
striving,1
amusing,1
illiterate,1
mental,1
rectitude,1
equality,1
toward,1
valueless,1
"cottage--""but",1
reasons--i,1
curious,1
manage,1
present--but,1
come--how,1
herself--when,1
amiably,1
bashful,1
ferrars--i,1
disbelief,1
divine,1
varied,1
incredulity,1
swoon,1
"sisters.""--she",1
cautiously,1
pupil,1
companion's,1
"falsehood--""engaged",1
ferrars!--i,1
really--i,1
silent.--elinor's,1
puts,1
for.--i,1
detecting,1
likeness,1
paces,1
seldom--we,1
wiping,1
break,1
too--so,1
me--i,1
sometime,1
low-spirited,1
fellow!--i,1
writes,1
carelessly,1
usual.--he,1
sheet,1
subsist,1
overcome--her,1
struggled,1
separations,1
confounded,1
23,1
inventing,1
asserted,1
indisputable,1
dissatisfaction,1
evidence,1
condemning,1
ill-treatment,1
herself.--her,1
dupe,1
illusion,1
softener,1
defended,1
regain,1
her--illiterate,1
infatuation,1
years--years,1
frivolous,1
supposition,1
alienated,1
guard,1
extinction,1
mourning,1
obstacles,1
perfections,1
entrusted,1
aggravation,1
unshaken,1
poignant,1
renewing,1
venturing,1
confessedly,1
joking,1
disclosure,1
mistrust,1
joining,1
club,1
foresaw,1
fairer,1
compliant,1
frightful,1
novelty,1
annamaria's,1
candlelight,1
eyes--will,1
candles,1
reseated,1
spoilt,1
casino,1
me--you,1
touched,1
tuned,1
toned,1
rolling,1
labour,1
singly,1
profited,1
proposals,1
rivals,1
forwarding,1
wrapped,1
24,1
undeserving,1
apologize,1
ice,1
quarrelling,1
madness,1
your's,1
test,1
lowness,1
impose,1
extremity?--is,1
involve,1
owning,1
headstrong,1
frightens,1
disinterestedness,1
all--i,1
brother--silly,1
coxcombs,1
modestest,1
prettiest,1
lip,1
angrily,1
powerful,1
concerto,1
prefer,1
dashwood--that,1
dissolving,1
beset,1
effectually,1
frighten,1
pique,1
stress,1
biased,1
partly,1
duration,1
brightened,1
confidential,1
induce,1
conversations,1
celebration,1
festival,1
proclaim,1
spending,1
habitation,1
traded,1
portman,1
unexpectedly,1
misses,1
alleged,1
refusal,1
i've,1
merrier,1
poking,1
"mother,--i",1
absence--oh,1
promote--she,1
cautiousness,1
accrue,1
bedrooms,1
motherly,1
estranged,1
obviating,1
impediment,1
separately,1
scruples,1
guidance,1
abandoned,1
abridgement,1
nonsensical,1
anticipate,1
lifted,1
counteracted,1
exhilarated,1
perturbation,1
restorative,1
score,1
eternal,1
station,1
26,1
unsuited,1
overlooked,1
beamed,1
blank,1
nature--she,1
banish,1
companionableness,1
wrapt,1
exclusively,1
extort,1
preferring,1
salmon,1
cod,1
boiled,1
fowls,1
veal,1
cutlets,1
handsomely,1
mantelpiece,1
silks,1
mysteriously,1
sealed,1
w,1
ringing,1
neighbouring,1
seconds,1
exclaiming,1
unnoticed,1
demanded,1
decently,1
caused,1
you--sorry,1
before--beg,1
cartwright,1
bee,1
conjure,1
commissioned,1
see--that,1
too--which,1
handsome--worse,1
let's,1
agreeing,1
shops,1
abstracted,1
dawdled,1
sorrowful,1
parcels,1
negative,1
permitting,1
mysterious,1
interference,1
backwards,1
long-expected,1
27,1
holds,1
souls,1
frosts,1
longer--nay,1
freeze,1
eluded,1
variations,1
colder,1
muff,1
persevered,1
excepting,1
occurrence,1
strengthening,1
little--not,1
you--you,1
requesting,1
ball,1
unpremeditated,1
reputation,1
risking,1
nine,1
violins,1
side-board,1
collation,1
recognition,1
nodded,1
enough--he,1
there--and,1
sauntered,1
awakening,1
morrow,1
plea,1
many--by,1
debated,1
shield,1
"her,""--took",1
28,1
altering,1
destination,1
string,1
alighted,1
splendidly,1
insufferably,1
tribute,1
curtsying,1
mingle,1
heat,1
cassino,1
chairs,1
unobserved,1
there--he,1
there--oh,1
betray,1
feature,1
shake,1
struggling,1
wildest,1
sure--some,1
heaven's,1
again--must,1
rest--i,1
explained--some,1
incessantly,1
exclamations,1
hartshorn,1
undressed,1
investigation,1
pangs,1
await,1
deepest,1
embitter,1
final,1
willoughby--in,1
irreconcilable,1
29,1
house-maid,1
kneeling,1
window-seats,1
permit,1
bursts,1
sooth,1
tranquilize,1
irritability,1
wander,1
meal,1
death-like,1
paleness,1
tremour,1
lengths,1
worsted,1
rug,1
imply,1
wedding,1
choked,1
covering,1
unintentional,1
obey,1
commands,1
obedient,1
feeling--so,1
impudently,1
whatever--a,1
proclaimed,1
villainy,1
perusal,1
disengagement,1
depravity,1
unread,1
unreasonably,1
contributing,1
floor,1
giddy,1
food,1
stomach,1
faintness,1
exclaim,1
torrent,1
unresisted,1
knew!--and,1
are--you,1
you--what,1
period--if,1
yes--no--never,1
been--but,1
yes--could,1
hither,1
to-night,1
repulsed,1
insulting,1
misinformed,1
insincere,1
hazarded,1
warranted,1
covenant,1
elinor--for,1
blackest,1
again--his,1
distress--can,1
cruelly,1
instigated,1
leagued,1
writes--whoever,1
be--or,1
bely,1
whoever,1
detestably,1
enemy,1
malignant,1
supports,1
laudable,1
resists,1
malevolence,1
like--may,1
mortification--but,1
feel--i,1
wretched--and,1
miserable--oh,1
discerning,1
posts,1
shuddering,1
cruel--nothing,1
me--ought,1
clearing,1
me'--that,1
barbarously,1
insolent!--elinor,1
woman--who,1
been?--how,1
premeditated,1
her!--who,1
she?--who,1
be?--whom,1
female,1
acquaintance?--oh,1
one--he,1
sake--and,1
regards,1
palmers--how,1
constrained,1
drops,1
"dear?""--said",1
dashwood?--poor,1
soon--a,1
abominably,1
plague,1
admirers,1
parrys,1
sandersons,1
tiptoe,1
adjusting,1
well-meant,1
abstraction,1
fondness,1
tempted,1
sweetmeats,1
olives,1
grieves,1
cherries,1
oddest,1
then--miss,1
her--is,1
stylish,1
aunt,1
biddy,1
henshawe,1
fly,1
grows,1
reform,1
now-a-days,1
walker,1
ellisons,1
guardians,1
made!--what,1
"moment--""your",1
moan,1
by-and-by,1
hates,1
joked,1
naming,1
allusion,1
blown,1
cases,1
willoughby--he,1
enforcement,1
hilarity,1
ill-wind,1
mid-summer,1
he'll,1
chuckle,1
drawback--except,1
love-child,1
prenticed,1
fruit-trees,1
mulberry,1
dove-cote,1
stew-ponds,1
turnpike-road,1
butcher,1
stone's,1
prettier,1
meat,1
mutton,1
drives,1
pillow,1
repaired,1
wine-glass,1
constantia,1
tasted,1
compromise,1
swallowed,1
reflected,1
healing,1
tea-table,1
presided,1
hesitatingly,1
be--there,1
think--in,1
engaged--but,1
elucidation,1
unfolded,1
unfathomable,1
stationer's,1
grey--it,1
secret--it,1
preparations,1
more:--as,1
astonishment!--but,1
capable--at,1
"think""--he",1
sister--how,1
proportionately,1
hardness,1
not--i,1
so--she,1
instantaneous,1
31,1
awoke,1
acquitting,1
refinement,1
delicacies,1
polished,1
outstretched,1
explanatory,1
rushing,1
inforce,1
streamed,1
passionate,1
violence--a,1
referring,1
directions,1
retreating,1
esteeming,1
lightly,1
object--my,1
wish--my,1
desiring,1
is--is,1
comfort;--no,1
comfort--not,1
comfort--but,1
mother--will,1
regard--nothing,1
useful--i,1
justified--though,1
"october,--but",1
idea--i,1
narrator,1
sighing,1
diffuse,1
conversation--(it,1
you)--a,1
park--it,1
dance--in,1
resembling,1
orphan,1
infancy,1
ages,1
playfellows,1
married--married,1
encumbered,1
nothing--but,1
blindly,1
eloping,1
scotland,1
treachery,1
one--but,1
lament,1
regiment,1
weight--was,1
divorce,1
"gloom,--even",1
arrive,1
fruitless,1
seducer,1
sin,1
adequate,1
spunging-house,1
altered--so,1
faded--worn,1
acute,1
blooming,1
healthful,1
endured,1
beholding,1
her--but,1
consumption,1
was--yes,1
disgraced,1
fates,1
dashwood--a,1
this--untouched,1
fourteen,1
years--it,1
handle,1
collected--more,1
concise,1
fourteenth,1
residing,1
imprudently,1
daughter--better,1
obstinate,1
clue,1
ranging,1
unconcerned,1
be--could,1
forwarded,1
availed,1
seduced,1
irresolute,1
sister--but,1
interfering,1
reclaim,1
dishonorable,1
usage,1
doubtless,1
compares,1
pictures,1
tormented,1
strengthen,1
afflictions,1
endeavors,1
irritates,1
unworthiness,1
reluctantly,1
punish,1
soldier,1
presumed,1
lying-in,1
delivery,1
32,1
submissive,1
seduction,1
desertion,1
preyed,1
brooding,1
quickly,1
humiliating,1
afflicting,1
shorten,1
comprise,1
occupations,1
cheat,1
spurned,1
foreseeing,1
alleviation,1
comforted,1
militate,1
carefulness,1
reaped,1
dog,1
folly's,1
puppies,1
coachmaker's,1
painter,1
portrait,1
warehouse,1
clamorous,1
qualification,1
officious,1
condolence,1
assemblies,1
abundantly,1
humiliations,1
augmented,1
midsummer,1
honours,1
mulberry-tree,1
holburn,1
overpowering,1
emphasis,1
awhile,1
amazingly,1
we'd,1
post-chaise,1
genteelly,1
affectedly,1
simpering,1
laughs,1
crossing,1
i--i,1
talking--but,1
do--the,1
cessation,1
hostile,1
that's,1
governing,1
33,1
yielded,1
conditioned,1
sackville,1
negotiation,1
old-fashioned,1
jewels,1
transacted,1
ascending,1
counter,1
quickest,1
correctness,1
shape,1
ornaments,1
inventive,1
comprised,1
broad,1
stares,1
imprint,1
sterling,1
insignificance,1
puppyism,1
bedroom,1
ivory,1
pearls,1
gloves,1
leisurely,1
beasts,1
seal,1
mother-in-law's,1
duly,1
pitch,1
secures,1
hang,1
encouragements,1
side--in,1
insurmountable--you,1
universal,1
"that""--lowering",1
"whisper--""will",1
say--your,1
vouchsafe,1
hon,1
liberality:--the,1
bank-notes,1
enclosure,1
drain,1
kingham,1
gibson,1
intrinsically,1
purchase-money,1
stocks,1
banker's,1
bequeathed,1
repine,1
undoubted,1
knoll,1
walnut,1
slope,1
thorns,1
patches,1
buying,1
ear-rings,1
cheerfuller,1
indeed--her,1
advantageous.--her,1
dies,1
saves,1
whereas,1
kinder,1
destroys,1
relinquished,1
compunction,1
atoning,1
prepossessed,1
associate,1
34,1
mutually,1
sympathised,1
demeanor,1
proud-looking,1
uncordial,1
sedulously,1
flowed,1
detection,1
prodigiously,1
them--a,1
powerfully,1
nieces,1
seats,1
lucy!--she,1
inflicting,1
together--for,1
"time--""there",1
me.--i,1
gracious!--in,1
on--that,1
behold,1
her--to,1
upright,1
sourness,1
sallow,1
rescued,1
proportioned,1
distinguished--whom,1
pointedly,1
misapplied,1
mean-spirited,1
despising,1
honorably,1
teazed,1
bespoke,1
master's,1
it;--no,1
appeared--but,1
laboured,1
disqualifications,1
agreeable--want,1
improved--want,1
elegance--want,1
spirits--or,1
variety--the,1
politics,1
inclosing,1
horses--but,1
coffee,1
heights,1
tallest,1
politely,1
grandmothers,1
descendant,1
william's,1
enforcing,1
mounted,1
ornamented,1
officiously,1
disclaiming,1
connoisseurship,1
middletons's,1
considerately,1
"hum""--said",1
"ferrars--""very",1
"pretty,""--and",1
"enough,--for",1
ma'am--an't,1
ma'am?--she,1
paint,1
delightfully!--how,1
this.--she,1
kind!--what,1
us?--who,1
her?--it,1
stiffly,1
philippic,1
audacity,1
foretell,1
wounded,1
concerned.--colonel,1
did.--mrs,1
intelligent,1
salts,1
enraged,1
"sister,--she",1
"nervous,--she",1
constitution;--and,1
35,1
undesirable,1
retarded,1
free;--and,1
caprice,1
ferrars;--that,1
herself--or,1
was!--you,1
her;--but,1
civil!--did,1
me!--no,1
hauteur,1
same--all,1
you;--but,1
"so,""--replied",1
"quickly--""but",1
indeed!--i,1
dashwood?--you,1
low--you,1
speak;--sure,1
world!--heaven,1
have.--poor,1
edward!--but,1
spends,1
sister--besides,1
women!--i,1
courtesy,1
way--you,1
mean--if,1
door's,1
unpleasantest,1
them.--they,1
deter,1
re-assurance,1
exceeded,1
rare,1
demure,1
contribution,1
heroically,1
loitered,1
high-minded,1
happiness!--this,1
witnesses,1
conciliate,1
benignant,1
paused--no,1
muttered,1
dull!--but,1
admirable,1
relatives,1
edward?--why,1
sting,1
scrupulous,1
praised!--then,1
ill-suited,1
thirds,1
auditors,1
unexhilarating,1
outstaid,1
gone!--how,1
teazing,1
so?--we,1
steadily,1
tricked,1
meeting--and,1
36,1
newspapers,1
esq,1
heir,1
intruding,1
monopolize,1
administer,1
discomposed,1
reconcile,1
conciliation,1
lighter,1
anymore,1
unsuspected,1
congratulated,1
unfatherly,1
infants,1
proposition,1
in--a,1
imaginations,1
last-arrived,1
outrun,1
misconstruction,1
mechanically,1
evening's,1
toilet,1
price,1
gowns,1
washing,1
scrutinies,1
douceur,1
undergoing,1
punctuality,1
preceded,1
coachman,1
harp,1
violoncello,1
excursive,1
glances,1
lecture,1
stroke,1
ill-humour,1
emptiness,1
lamenting,1
gaucherie,1
candidly,1
generously,1
tuition,1
westminster,1
"think,""--was",1
surprising,1
hearty,1
bonomi's,1
accommodations,1
elliott's,1
dartford,1
card-tables,1
refreshments,1
saloon,1
measured,1
dennison's,1
enfranchisement,1
shews,1
vigor,1
favourites,1
pacified,1
slyly,1
cherishing,1
precise,1
shown,1
vouchsafed,1
entry,1
emigrant,1
ii,1
37,1
resume,1
resettled,1
fuss,1
ill--it,1
fretted,1
pimples,1
stepped,1
smirked,1
simpered,1
lucy!--there's,1
dear!--and,1
nancy!--could,1
it!--that,1
strange!--i,1
matter;--till,1
conjurer,1
popt,1
come--for,1
lord's,1
steward,1
dreaming,1
fury,1
fainting,1
packed,1
uproar,1
hears,1
scornfully,1
passion!--and,1
people's,1
to-do,1
yours--or,1
bigger--with,1
impartiality,1
compassion;--for,1
little--and,1
little;--for,1
undeceiving,1
one.--she,1
"consolation,--to",1
"opinion,-and",1
dwell,1
practised,1
practicable,1
grief.--that,1
belonged,1
hearer,1
comforter,1
unamiable,1
mankind,1
existed.--marianne's,1
regularity,1
alarms,1
november,1
months!--have,1
what!--while,1
heart?--and,1
"months!""--cried",1
"again.--""so",1
calm!--so,1
cheerful!--how,1
duty.--my,1
undeceive,1
months!--and,1
harbour,1
built.--and,1
meant--it,1
fit--it,1
at.--they,1
you.--you,1
much.--for,1
interested;--and,1
once;--i,1
connection.--nothing,1
feeling--surely,1
exertion;--they,1
themselves;--they,1
marianne.--then,1
entirely--not,1
friends--from,1
ever.--how,1
you!--you,1
me!--is,1
gratitude?--is,1
you?--because,1
cries,1
caresses,1
bitterness;--to,1
concessions;--but,1
reparation,1
discreet,1
admiration.--she,1
unchanging,1
dissented,1
"ma'am.""--she",1
spasm,1
throat.--such,1
heroism,1
too--in,1
complicated,1
distress--but,1
storm,1
weathered,1
apprehended,1
deceived!--meeting,1
person!--such,1
norfolk,1
land-tax,1
penury,1
protested,1
clapped,1
obstinacy,1
forbore,1
blunt,1
deserves,1
disrespectfully,1
wrung,1
braving,1
threats,1
deplorable,1
pounds--how,1
it?--and,1
taverns,1
forbear,1
anybody's,1
all--his,1
conditions,1
lawyer,1
galling,1
critique,1
38,1
disobedient,1
gloried,1
offences,1
penitence,1
sunday,1
accosted,1
clarke,1
"arm--""for",1
rage,1
vowed,1
trim,1
bonnet,1
feather,1
pink,1
ribbons,1
doctor's,1
plaguing,1
triumphantly,1
godby,1
richard,1
saturday,1
that?--he,1
shift,1
oath,1
that--oh,1
know)--she,1
silk,1
stockings,1
interrupting,1
shame!--to,1
affectedly.)--no,1
martha,1
sharpe,1
bones,1
closet,1
chimney-board,1
uppermost,1
huswifes,1
bishop,1
get!--good,1
giggling,1
i'd,1
bout,1
good-by,1
spotted,1
muslin,1
on!--i,1
claimed,1
foreplanned,1
be;--every,1
living!--ay,1
end:--they,1
her.--then,1
em,1
be!--i,1
furnishing,1
indeed!--as,1
day.--no,1
apologies,1
trials,1
persecutions,1
thankfully,1
bright,1
us.--poor,1
twould,1
her.--my,1
reminds,1
respectfully,1
writer's,1
comments,1
indeed!--how,1
writes!--aye,1
lucy.--poor,1
heart.--she,1
lived.--very,1
body!--thank,1
39,1
effected,1
hostess,1
detaining,1
easter,1
dashwood;--but,1
auspicious,1
"cleveland!""--she",1
gently,1
not...that,1
somersetshire.--i,1
somersetshire.--there,1
going...no,1
argue,1
feelings;--she,1
others;--represented,1
bristol,1
concurrence,1
be;--and,1
statement,1
"dashwoods;""--was",1
"settled--""for",1
palmers;--and,1
back!--lord,1
gape,1
cats,1
ennui,1
it;--and,1
honorable,1
piano,1
forte,1
intent,1
pursue,1
lesson,1
badness,1
etiquette,1
motion,1
objection;--and,1
commended,1
unlover-like,1
hinder,1
"it?""--but",1
ejaculation,1
strange!--sure,1
older,1
sang-froid,1
reply!--she,1
suitor,1
persevering,1
rightly,1
informed?--is,1
impolitic,1
"cruelty,""--he",1
"feeling,--""of",1
doing--what,1
acceptance--but,1
circumstanced,1
nonsense,1
200,1
l,1
annum,1
presenting,1
marry;--and,1
it!--her,1
cause;--but,1
minor,1
indifferent;--an,1
on--and,1
patronage,1
unforeseen,1
useful,1
good;--at,1
misunderstood,1
worded,1
40,1
sagaciously,1
withdrawn,1
sensibly,1
"jennings--""oh",1
it?--who,1
holborn,1
ho!--i,1
himself?--sure,1
goodby,1
begin--how,1
congratulating,1
embarrassment.--whether,1
determining,1
so--or,1
intruded,1
time--it,1
charged,1
breathing,1
faster,1
well-judging,1
living--it,1
a-year--were,1
to--as,1
yourself--such,1
establish,1
unthought-of,1
gathering,1
passed--for,1
you--a,1
living!--can,1
all.--i,1
could--but,1
perhaps--indeed,1
benefactress,1
recently,1
speak;--at,1
respectability,1
lodges,1
st,1
james,1
very--an,1
befall,1
anticipation,1
reconsider,1
reverted,1
right?--and,1
difficulty--you,1
ready?--for,1
patience!--and,1
dear!--sure,1
marries,1
exchanged,1
forfeiting,1
ebullition,1
ground-floor,1
beds!--and,1
living's,1
ninny,1
41,1
worship,1
poultry,1
verbal,1
visit.--this,1
drawing-room.--nobody,1
"he:--""i",1
be--but,1
favourites.--why,1
brandon's--can,1
true?--has,1
edward?--i,1
true.--colonel,1
really!--well,1
astonishing!--no,1
relationship!--no,1
them!--and,1
livings,1
price!--what,1
well--and,1
value--supposing,1
vacate,1
soon--he,1
say--fourteen,1
death?--now,1
sense!--i,1
improvident,1
concern!--well,1
however--on,1
recollection--that,1
it.--aye,1
"astonishing!""--he",1
"said--""what",1
one--to,1
man.--you,1
bears,1
"well,--she",1
refrain,1
impoverished,1
used?--though,1
"upon,--for",1
all?--she,1
account--she,1
befalls,1
reasoning,1
discarded,1
accelerate,1
decisive,1
choice!--how,1
intents,1
purposes,1
son;--and,1
silent.--his,1
"whisper,--""i",1
you;--and,1
think--indeed,1
it--but,1
authority--not,1
herself--but,1
her--that,1
certain--a,1
connection--you,1
light--a,1
question--not,1
mentioned--as,1
know--it,1
be--all,1
well--quite,1
self-importance,1
agitate,1
mind;--and,1
uninformed,1
self-complacency,1
unfair,1
division,1
inquisitive,1
immoderately,1
clergyman,1
measure;--and,1
fanciful,1
imagery,1
prayers,1
surplice,1
publishing,1
banns,1
considerably,1
"moment--""but",1
it--for,1
acquaintance.--poor,1
edward!--his,1
nature.--but,1
"powers,--the",1
fellow!--to,1
strangers!--to,1
enough!--but,1
kingdom,1
intend,1
indeed!--poor,1
edward!--he,1
completely--shut,1
society!--but,1
frantic,1
captivate,1
interfere,1
earlier--i,1
probable--that,1
hit,1
disapproving,1
know;--that,1
them;--an,1
enamoured,1
accents,1
42,1
completed,1
intercourse,1
town;--and,1
promptitude,1
delaford;--a,1
april,1
hanover,1
respective,1
homes,1
extinguished,1
persecution,1
unseen,1
tranquility,1
restoring,1
somerset,1
modern-built,1
sloping,1
pleasure-grounds,1
closer,1
plantation,1
dotted,1
fir,1
mountain-ash,1
acacia,1
thick,1
interspersed,1
lombardy,1
poplars,1
swelling,1
eighty,1
stealing,1
eminence,1
tract,1
south-east,1
ridge,1
horizon,1
invaluable,1
circuit,1
luxurious,1
premises,1
whiled,1
lounging,1
gardener's,1
blights,1
dawdling,1
plants,1
unwarily,1
nipped,1
"charlotte,--and",1
poultry-yard,1
dairy-maid,1
hens,1
forsaking,1
nests,1
fox,1
decrease,1
brood,1
merriment,1
deterred,1
knack,1
heartiness,1
atoned,1
conceited,1
enlargement,1
aptitude,1
traits,1
idled,1
mornings,1
billiards,1
more;--not,1
epicurism,1
them.--his,1
suggestion,1
observer,1
two;--she,1
behaviour;--and,1
unexpressed,1
observation;--she,1
oldest,1
grass,1
wettest,1
had--assisted,1
stockings--given,1
ailments,1
prescriptions,1
poured,1
cough,1
sore,1
night's,1
simplest,1
43,1
shivering,1
sofa,1
efficacy,1
persisting,1
disorder,1
baby's,1
infant,1
importunity,1
helpmate,1
malady,1
lamentation,1
likewise.--here,1
acceptably,1
piquet,1
demur,1
seconded,1
emergence,1
owners,1
boldly,1
seizure,1
admission,1
expel,1
anticipations,1
auspiciously,1
administering,1
cordials,1
beneficial,1
unusually,1
nurses,1
recreating,1
housekeeper's,1
unremitting,1
inarticulate,1
sounds,1
accidental,1
assisting,1
despatching,1
effecting,1
rung,1
of:--he,1
despondence;--but,1
obviated,1
pre-arranged,1
post-horses,1
brandon--or,1
"mother,--how",1
felt!--a,1
guide,1
her!--as,1
summons,1
meanwhile,1
exactness,1
delirium,1
tortured,1
incoherently,1
pictured,1
former--but,1
o'clock--arrived,1
attendant,1
reproaches,1
punctual,1
visit;--but,1
failed;--the,1
unabated,1
quiet--not,1
herself--remained,1
stupor,1
image,1
scrupled,1
reasonableness,1
began--but,1
caution--a,1
friend--to,1
pulse;--she,1
again;--and,1
bury,1
foregoing,1
revival,1
continuance;--and,1
conning,1
watch--she,1
signs,1
gaze,1
o'clock;--when,1
felicitations,1
unfeigned,1
unequivocal,1
doting,1
expand,1
gratitude;--but,1
demonstrations,1
breast,1
calming,1
enfeebled,1
supplying,1
succour,1
relapse,1
remind,1
was--but,1
too!--perhaps,1
pity!--oh!--how,1
sweetly,1
refreshment,1
capability,1
retired,1
stormy,1
roared,1
beat,1
blast,1
travellers--they,1
store,1
clock,1
dressing-closet,1
shutter,1
flaring,1
lamps,1
discern,1
door--of,1
doubt--her,1
dread--perhaps,1
despair!--and,1
tell!--with,1
vestibule,1
inner,1
rushed,1
"drawing-room,--she",1
"it,--and",1
44,1
obeyed,1
hour--for,1
minutes--i,1
"me!""--in",1
"amazement--""well",1
"sir,--be",1
quick--and,1
can--less,1
dispatch,1
opposite,1
"sir,""--said",1
"impatiently;--""i",1
abruptness,1
"afterwards--""is",1
praised!--but,1
god's,1
ago--but,1
"here,""--speaking",1
"seat--""what",1
signify?--for,1
dashwood--it,1
perhaps--let,1
together.--i,1
mood,1
"honestly""--a",1
glow,1
overspreading,1
"cheeks--""do",1
knave,1
liquor;--the,1
strangeness,1
intelligible,1
combe--i,1
drunk,1
pint,1
beef,1
over-set,1
"marlborough!""--cried",1
"yes,--i",1
nuncheon,1
intoxication,1
do--that,1
passed--your,1
excuse.--what,1
"mean,""--said",1
"energy--""if",1
blockhead,1
ma--from,1
"is,""--was",1
"already,--for",1
does--she,1
"she?""--he",1
grounds.--now,1
"own,--""how",1
accounted,1
diabolical,1
kind--it,1
insist,1
associating,1
debts,1
re-establish,1
of;--and,1
cruelty--which,1
reprobate,1
much--i,1
it.--but,1
it?--well,1
avarice?--or,1
tenderness!--is,1
it?--yes,1
blameless,1
improperly,1
here--nor,1
expatiate,1
scrupling,1
circumspection,1
contemptible,1
interim--in,1
interim,1
private--a,1
occurred--an,1
"place,""--here",1
"down.--""mrs",1
connection--but,1
"eye--""your",1
intimacy--you,1
hardening,1
urge--that,1
passions,1
understanding--i,1
wish--i,1
me--(may,1
mind--oh,1
girl--i,1
be--your,1
extremest,1
omitted,1
taxed,1
purity,1
world--every,1
discontented,1
be--and,1
formally,1
affair--i,1
morning--was,1
great--but,1
awaited,1
devonshire;--i,1
deliver,1
debate,1
undervalued,1
magnanimity,1
miserable--and,1
reproachfully,1
myself--and,1
dissembling,1
immediately--i,1
it--united,1
reliance,1
me!--oh,1
god!--what,1
hard-hearted,1
it.--it,1
do.--then,1
gives,1
grudge,1
rascally,1
town--travelling,1
tediously--no,1
to--my,1
cheerful--when,1
inviting!--when,1
soothing!--oh,1
"ah!--no,--have",1
infamous,1
letter--did,1
is--in,1
one--perhaps,1
emotion--my,1
painful.--every,1
metaphor,1
forbid--a,1
dagger,1
language--a,1
thunderbolt.--thunderbolts,1
daggers!--what,1
me!--her,1
opinions--i,1
"own,--and",1
undergone,1
changes,1
again;--yet,1
willoughby.--remember,1
remorse,1
shrugging,1
silencing,1
infamously,1
retreat,1
street;--but,1
wiser,1
cool,1
blundered,1
evening.--had,1
marianne--still,1
artless,1
confiding--everything,1
hateful,1
tried--but,1
woman!--those,1
cut!--what,1
tone!--oh,1
god!--holding,1
face!--and,1
sophia,1
was--well,1
evening!--i,1
death.--that,1
her;--the,1
sight!--yet,1
hue,1
too!--doting,1
breakfasting,1
"ellisons,--and",1
sophia's,1
mine--and,1
vague,1
playfulness,1
passion--her,1
malice--at,1
appeased,1
short--what,1
letter-writing?--delicate--tender--truly,1
feminine--was,1
wife!--the,1
servilely,1
own--her,1
diction,1
do!--we,1
fixed--but,1
preparation!--day!--in,1
couched?--it,1
bluster,1
myself--'i,1
blackguard,1
reasonings,1
relics,1
notes--unluckily,1
pocketbook,1
hoarded,1
ever--i,1
hair--that,1
ingratiating,1
"virulence,--the",1
lock--all,1
memento,1
slightingly,1
marianne--nor,1
compassion.--she,1
married.--well,1
gay.--and,1
dashwood?--or,1
i--be,1
degree--am,1
before?--my,1
something--a,1
know--the,1
inflicted--i,1
you?--let,1
lightened,1
spontaneous,1
penitence--tell,1
inconstant,1
drury,1
was--for,1
months--he,1
me.--that,1
to--though,1
would--vex,1
horridly,1
bluntly,1
cleveland--a,1
imminent--the,1
c.--i,1
puppy,1
dying--and,1
scorning,1
hating,1
latest,1
moments--for,1
projects,1
dreadful!--my,1
irreparable,1
vain--extravagance,1
outwardly,1
incurable,1
no--to,1
hers;--he,1
"did?""--said",1
letting,1
forgetting,1
did;--that,1
well--was,1
happiness--and,1
rub,1
means--it,1
guard--at,1
"well,""--he",1
"replied--""once",1
bear--but,1
"bye,--god",1
45,1
widely,1
differing,1
commiseration,1
herself--to,1
awaking,1
refreshed,1
carriage.--eager,1
save,1
hall,1
relief;--and,1
friend;--and,1
embraced,1
bliss,1
sleep;--but,1
stake,1
wearing,1
irritation,1
blamed,1
widower,1
reproved,1
mend,1
temperate,1
exuberance,1
imparted,1
given;--but,1
unawares,1
undesignedly,1
child;--he,1
equalled,1
sympathy--or,1
suppose--giving,1
"perceived,--not",1
embellishments,1
constant--which,1
it--has,1
selfishness--without,1
hope!--could,1
another--such,1
mind!--such,1
sincerity!--no,1
"is,""--replied",1
warning,1
worthiest,1
acquired,1
him?--did,1
friend--not,1
overcome--that,1
everything;--marianne's,1
no.--he,1
rooted,1
fixed;--and,1
willoughby--but,1
"something,--if",1
"remember,--in",1
solidly,1
unstudied,1
accordant,1
liveliness--often,1
artificial,1
paused.--her,1
dissent,1
"probability,--for",1
"village,--indeed",1
elinor!--here,1
delaford!--but,1
too!--for,1
that;--and,1
46,1
weakening,1
smoothly,1
recurrence,1
reclining,1
dawned,1
determinate,1
hospitable,1
redeem,1
bidding,1
travellers,1
bodily,1
field,1
unobtrusiveness,1
entitled,1
subsequent,1
traced,1
sitting-room,1
accustom,1
connected.--she,1
opera,1
duets,1
hand-writing.--that,1
do.--she,1
keys,1
abatement,1
anticipating,1
edge,1
abbeyland,1
ruins,1
priory,1
foundations,1
resorted,1
borrow,1
a-day,1
twelve-month,1
indolence,1
repining,1
virtuous,1
self-control,1
unfulfilled,1
unsettle,1
appointed,1
invalid,1
genial,1
untried,1
required;--and,1
"there,""--pointing",1
"mound,--there",1
spot!--shall,1
"elinor?""--hesitatingly",1
"said.--""or",1
wrong?--i,1
now.--at,1
me;--but,1
treasured,1
doubly,1
it;--for,1
"designs,--but",1
myself?--what,1
shamefully,1
unguarded,1
"him,--oh",1
postponing,1
health;--and,1
crept,1
conduct.--do,1
"died,--it",1
self-destruction,1
"recovery,--wonder",1
"died,--in",1
sister!--you,1
fretful,1
murmurings,1
heart!--how,1
remembrance!--my,1
her!--i,1
failing,1
repaid,1
insolent,1
attention.--to,1
"fanny,--yes",1
"you,--you",1
me?--not,1
myself.--your,1
avail?--was,1
imitate,1
restraints,1
alone?--no;--not,1
deserted,1
professed,1
unbounded,1
self-reproving,1
good.--the,1
adhering,1
it--my,1
worry,1
solely,1
henceforth,1
incitement,1
humbled,1
amended,1
willoughby--to,1
regulated,1
religion,1
paused--and,1
hazarding,1
listener,1
protestations,1
word.--she,1
whiter,1
panting,1
unknowingly,1
closely,1
dreading,1
conjecturing,1
minuteness,1
articulate,1
pre-arranging,1
47,1
unmoved,1
guilt;--she,1
him;--she,1
recalled.--nothing,1
unbroken--a,1
unblemished,1
injure,1
interests,1
himself--had,1
retailed,1
sobered,1
deserts;--she,1
facts,1
embellishment,1
astray,1
again;--but,1
unquiet,1
sitting--her,1
"spoke,--and",1
unsteady,1
thing--as,1
unbiased,1
me--what,1
morning--i,1
"hear.""--for",1
"before--""i",1
this.--i,1
practices!--with,1
men!--no--my,1
man!--her,1
sensitive,1
poorly,1
expensiveness,1
self-denial,1
inexperience,1
economy,1
retrenched,1
that--and,1
management,1
abridge,1
enjoyments,1
quivered,1
"implied--""do",1
ruling,1
it?--because,1
finds,1
unembarrassed--he,1
suffers,1
happy?--the,1
pecuniary,1
reckons,1
necessitous--always,1
innumerable,1
regret--nothing,1
proceed;--and,1
fairly,1
story--that,1
enumeration,1
unitedly,1
unsubdued,1
studies,1
vigour,1
prosecution,1
man-servant,1
intuitively,1
disordered,1
stopping,1
sally,1
post-boys,1
howsever,1
free-spoken,1
up;--he,1
lucy--mrs,1
westward,1
ma'am--but,1
recognised,1
thomas's,1
ma'am--the,1
lady--and,1
tablecloth,1
appetites,1
meals,1
dessert,1
similarity,1
hazard,1
misled,1
slighter,1
wont,1
inattentive,1
elinor;--that,1
self-provocation,1
48,1
lurking,1
self-provident,1
"delaford.--delaford,--that",1
conspired,1
contriving,1
manager,1
economical,1
practices;--pursuing,1
edward--she,1
see;--happy,1
"unhappy,--nothing",1
"particulars,--but",1
thoughtless,1
indolent,1
but--it,1
brandon--neither,1
air--nor,1
dismounted;--she,1
"mistaken,--it",1
speak--and,1
him;--but,1
utterance,1
footsteps,1
path,1
merited,1
conforming,1
stammered,1
unintelligible,1
shaken,1
retreated,1
dryness,1
affirmative,1
fearing,1
up;--but,1
doubtingly,1
mean--my,1
brother--you,1
mrs.--mrs,1
"ferrars!""--was",1
amazement;--and,1
spoiling,1
sheath,1
cutting,1
know--you,1
to--to,1
youngest--to,1
echoed,1
unspeakable,1
saw--or,1
penetrate,1
village--leaving,1
sudden;--a,1
lessening,1
49,1
pre-determined,1
all;--for,1
failure,1
exercising,1
said;--that,1
commonly,1
swell,1
entanglement,1
love;--and,1
happiness;--and,1
flowing,1
weaknesses,1
boyish,1
philosophic,1
twenty-four,1
world--and,1
think--nay,1
unconquerable,1
outgrown,1
chosen,1
nominal,1
university,1
too--at,1
wrought,1
minds,1
such--so,1
great--as,1
occur--regrets,1
arise;--and,1
elinor--how,1
described?--from,1
justifying,1
compared,1
"been,--saw",1
honourably,1
profiting,1
"be,--she",1
felicity;--and,1
familiarized,1
sedateness,1
week;--for,1
future;--for,1
labor,1
incessant,1
discussions,1
lovers;--and,1
"admiration,--a",1
family--it,1
puzzle,1
worked,1
"robert,""--was",1
"observation.--""and",1
afterward,1
followed;--and,1
stupified,1
scorn,1
well-wisher,1
burnt,1
scrawls--but,1
comment,1
composition,1
"edward.--""for",1
worlds,1
days.--in,1
wife!--how,1
writing!--and,1
foolish--business--this,1
substance,1
"pause,--""they",1
appropriate,1
bribing,1
disinherited,1
favourite.--she,1
jealousy,1
deserts,1
flourish,1
enlightened,1
ill-nature,1
opinions--they,1
disquiet,1
option,1
renounced,1
avarice,1
relent,1
because--to,1
plead,1
plighted,1
sacred,1
expediency,1
these:--the,1
resented,1
"delaford--""which",1
ungraciously,1
glebe,1
warmest,1
certain--and,1
residue,1
enrich,1
comer,1
disproportion,1
thirty-six,1
rumour,1
him:--he,1
unite,1
nerve,1
thrill,1
transport,1
tale,1
jilting,1
hussy,1
broken-hearted,1
borrowed,1
world;--so,1
burgess,1
crossness,1
strains,1
women--poor,1
sensibility--and,1
enormously,1
amiss,1
me?--i,1
submission--i,1
penitent,1
passed.--i,1
interest.--i,1
offended;--and,1
concessions,1
patron,1
fluctuating,1
resuscitation,1
publication,1
power;--told,1
fortune;--and,1
nobleman,1
submit--and,1
decree,1
augmenting,1
shuffling,1
excuses,1
completion,1
delays,1
dilatoriness,1
workmen,1
superintend,1
spot;--could,1
invent,1
sweep,1
prophecies,1
jumbled,1
couples,1
pasturage,1
inspect,1
gates,1
condition!--and,1
woods!--i,1
hanger!--and,1
him--yet,1
happen--for,1
else--and,1
forth;--in,1
chance--you,1
make-believe,1
insulted,1
scrape,1
assiduous,1
re-established,1
crowned,1
obstructed,1
interviews,1
erred;--for,1
lingered,1
"robert,--a",1
supplanted,1
tricking,1
acquaintances,1
cut--and,1
cottages;--and,1
instigation,1
adopted,1
transgressed,1
unpardoned,1
messages,1
self-condemnation,1
haughty,1
birth,1
intruder,1
continually,1
subsisting,1
disagreements,1
exceed,1
rendering,1
useless,1
policy,1
frequency,1
obligations,1
confederacy,1
her--with,1
goodness--with,1
observable,1
else--burst,1
her--what,1
maxims,1
another!--and,1
"married,--and",1
constitutional,1
safeguard,1
"expecting,--instead",1
sober,1
"on,--she",1
submitting,1
patroness,1
be;--in,1
affliction;--her,1
halves,1
stating,1
clemency,1
doubted;--nor,1
inconsolable,1
fled,1
habitual,1
gloom,1
on--for,1
breed,1
dogs,1
however--in,1
surviving,1
loss--he,1
standard,1
woman;--and,1
after-days,1
dictate;--and,1
ranked,1
disagreement,1
producing,1
161.txt,1
161.zip,1
http://www.gutenberg.org/1/6/161,1
one--the,1
renamed,1
apply,1
specific,1
modified,1
away--you,1
practically,1
http://gutenberg.net/license,1
1.a,1
indicate,1
trademark/copyright,1
abide,1
1.b,1
pglaf,1
compilation,1
1.d,1
countries,1
downloading,1
appears,1
accessed,1
1.e.2,1
indicating,1
charges,1
1.e.3,1
imposed,1
linked,1
1.e.4,1
unlink,1
detach,1
1.e.5,1
redistribute,1
1.e.6,1
binary,1
compressed,1
nonproprietary,1
proprietary,1
processing,1
hypertext,1
version,1
exporting,1
alternate,1
include,1
profits,1
taxes,1
60,1
legally,1
periodic,1
returns,1
notifies,1
e-mail,1
s/he,1
discontinue,1
reported,1
1.f,1
1.f.1,1
expend,1
transcribe,1
proofread,1
despite,1
stored,1
incomplete,1
inaccurate,1
corrupt,1
data,1
transcription,1
infringement,1
damaged,1
disk,1
virus,1
codes,1
1.f.2,1
disclaim,1
contract,1
f3,1
distributor,1
indirect,1
consequential,1
punitive,1
incidental,1
problem,1
1.f.4,1
as-is,1
merchantibility,1
fitness,1
1.f.5,1
disclaimers,1
exclusion,1
types,1
violates,1
interpreted,1
maximum,1
invalidity,1
unenforceability,1
void,1
1.f.6,1
indemnity,1
indemnify,1
agent,1
employee,1
indirectly,1
modification,1
deletions,1
synonymous,1
obsolete,1
middle-aged,1
exists,1
hundreds,1
financial,1
gutenberg-tm's,1
goals,1
ensuring,1
2001,1
permanent,1
sections,1
http://www.pglaf.org,1
non,1
profit,1
educational,1
corporation,1
organized,1
mississippi,1
internal,1
revenue,1
ein,1
identification,1
64-6221541,1
http://pglaf.org/fundraising,1
deductible,1
state's,1
4557,1
melan,1
fairbanks,1
ak,1
99712,1
809,1
north,1
1500,1
salt,1
lake,1
ut,1
84116,1
801,1
596-1887,1
business@pglaf.org,1
gregory,1
newby,1
executive,1
director,1
gbnewby@pglaf.org,1
survive,1
licensed,1
machine,1
accessible,1
array,1
outdated,1
"5,000",1
maintaining,1
irs,1
committed,1
regulating,1
charities,1
charitable,1
paperwork,1
prohibition,1
donors,1
offers,1
international,1
statements,1
swamp,1
staff,1
current,1
donation,1
methods,1
checks,1
http://pglaf.org/donate,1
professor,1
originator,1
network,1
edition,1
main,1
pg,1
facility,1
http://www.gutenberg.net,1
includes,1
subscribe,1
newsletter,1
