the,2443
and,1290
of,1277
i,1187
a,860
to,753
in,601
was,550
that,441
my,436
it,415
had,352
me,279
as,266
with,263
at,251
for,238
time,200
this,194
you,189
but,187
or,159
were,157
on,148
from,136
not,134
all,132
his,129
have,126
by,125
then,125
is,123
they,120
he,118
there,115
little,112
be,111
upon,111
into,111
came,107
one,106
so,105
no,98
some,94
could,93
their,91
an,90
machine,89
said,89
project,88
we,88
saw,88
which,87
down,86
very,85
them,83
these,76
about,76
been,75
her,75
any,74
its,74
up,73
out,73
seemed,72
what,70
now,67
are,66
if,66
man,65
thing,63
like,63
white,61
more,60
our,59
must,59
again,58
would,58
traveller,57
when,56
felt,56
gutenberg-tm,56
thought,55
work,55
“i,53
over,52
before,51
myself,51
through,50
other,50
even,50
still,50
went,49
first,49
only,48
may,47
last,47
people,47
hand,47
towards,47
see,46
how,45
found,45
too,44
she,43
weena,43
will,42
great,42
morlocks,41
did,41
him,40
began,40
light,40
here,39
back,39
away,38
under,38
face,38
same,38
do,37
such,37
night,36
us,36
than,36
way,36
round,36
after,35
think,35
world,35
might,35
eyes,34
put,34
things,34
another,34
mind,34
made,34
own,34
long,33
looked,33
perhaps,33
among,33
sky,33
against,32
took,32
strange,32
works,32
gutenberg,31
most,31
come,31
day,31
new,30
where,30
black,30
yet,30
darkness,29
fire,29
moment,29
who,29
two,28
can,28
old,28
well,27
off,27
hands,27
sun,27
once,27
electronic,27
green,26
know,26
left,26
enough,26
presently,26
grew,26
full,26
end,25
should,25
dark,25
almost,24
sphinx,24
got,24
medical,24
stood,24
part,24
fear,24
terms,23
much,23
psychologist,23
space,23
above,23
place,23
sat,22
red,22
without,22
has,22
tried,22
cannot,22
seen,22
future,22
make,22
head,22
across,22
foundation,22
editor,21
set,21
soon,21
along,21
get,21
turned,21
human,21
heard,20
kind,20
never,20
“the,20
suddenly,20
certain,20
air,20
feeling,20
three,19
looking,19
say,19
gone,19
minute,19
while,19
already,19
earth,19
bronze,19
gallery,19
copyright,19
years,18
go,18
far,18
laboratory,18
look,18
until,18
those,18
moon,18
indeed,18
hill,18
match,18
agreement,18
use,17
rather,17
ground,17
“but,17
feet,17
your,17
behind,17
lever,17
big,17
ran,17
days,17
flowers,17
matches,17
states,17
age,16
palace,16
mere,16
however,16
though,16
each,16
right,16
fell,16
something,16
just,16
followed,16
lay,16
less,16
door,16
license,15
story,15
soft,15
filby,15
between,15
side,15
whole,15
going,15
small,15
table,15
bright,15
knew,15
struck,15
running,15
creatures,15
lit,15
life,15
find,15
wood,15
donations,15
being,14
large,14
dimensions,14
“it,14
room,14
understand,14
told,14
next,14
feel,14
ever,14
bushes,14
coming,14
united,14
literary,14
travelling,13
sudden,13
passed,13
lamp,13
clear,13
others,13
why,13
morning,13
rose,13
move,13
men,13
odd,13
don’t,13
forth,13
second,13
silent,13
past,13
hundred,13
doubt,13
nothing,13
dim,13
open,13
sea,13
archive,13
ebook,12
wells,12
copy,12
porcelain,12
course,12
am,12
several,12
since,12
below,12
times,12
remember,12
gave,12
dust,12
sound,12
happened,12
every,12
huge,12
vast,12
beautiful,12
pocket,12
hall,12
nature,12
further,11
line,11
four,11
because,11
simply,11
figure,11
eight,11
done,11
save,11
it’s,11
tell,11
absolutely,11
conditions,11
clearly,11
sense,11
queer,11
suppose,11
evening,11
stars,11
growing,11
vanished,11
pedestal,11
appeared,11
thick,11
altogether,11
judged,11
few,11
blackness,11
camphor,11
slower,11
trademark,11
paragraph,11
pale,10
grey,10
caught,10
except,10
wrong,10
idea,10
always,10
state,10
quite,10
animal,10
better,10
walked,10
larger,10
good,10
believe,10
travelled,10
bars,10
met,10
hesitated,10
glass,10
stopped,10
sleep,10
peculiar,10
house,10
trees,10
humanity,10
creature,10
creeping,10
imagine,10
memory,10
number,10
strong,10
determined,10
physical,10
alone,10
ruins,10
comfort,10
within,10
either,10
underworld,10
arms,10
iron,10
access,10
refund,10
sunset,9
explanation,9
return,9
free,9
“you,9
shall,9
instance,9
real,9
explain,9
really,9
moving,9
“and,9
means,9
interest,9
shoulder,9
bar,9
laughed,9
stared,9
nearly,9
moved,9
plain,9
none,9
standing,9
watch,9
let,9
opened,9
brown,9
faint,9
question,9
half,9
change,9
rest,9
exactly,9
apparently,9
blue,9
buildings,9
lawn,9
hung,9
stone,9
fancied,9
“as,9
intellectual,9
broken,9
entered,9
many,9
near,9
form,9
strength,9
doors,9
including,9
associated,9
section,9
agree,9
laws,9
information,9
give,8
traveller’s,8
shone,8
follow,8
need,8
length,8
became,8
fact,8
young,8
ago,8
telling,8
different,8
forward,8
hope,8
model,8
together,8
motion,8
point,8
nor,8
faster,8
beside,8
take,8
eye,8
dinner,8
journalist,8
wanted,8
colour,8
cut,8
faces,8
thinking,8
noticed,8
assured,8
horrible,8
swiftly,8
unknown,8
everything,8
drove,8
instead,8
race,8
lost,8
remote,8
figures,8
pretty,8
thousand,8
loose,8
received,8
building,8
general,8
floor,8
least,8
view,8
possibly,8
abundant,8
security,8
needs,8
social,8
triumph,8
decay,8
perfect,8
sleeping,8
daylight,8
taken,8
weena’s,8
hastily,8
glare,8
shaft,8
forest,8
law,8
fee,8
anyone,7
date,7
golden,7
mean,7
anything,7
“that,7
“so,7
natural,7
surface,7
trace,7
hard,7
sure,7
freely,7
present,7
travel,7
become,7
stop,7
case,7
“then,7
leave,7
slowly,7
held,7
mechanism,7
also,7
want,7
saddle,7
spoke,7
laughing,7
sounds,7
shadows,7
puzzled,7
somehow,7
paper,7
intense,7
pushed,7
seem,7
hear,7
rare,7
both,7
meat,7
kept,7
rising,7
shadow,7
itself,7
short,7
ears,7
fast,7
splendid,7
shivered,7
longer,7
beyond,7
touched,7
breathing,7
violently,7
fancy,7
neck,7
foot,7
windows,7
metal,7
necessity,7
river,7
living,7
during,7
intelligence,7
grow,7
pleasant,7
problem,7
cold,7
trying,7
arm,7
narrow,7
protected,7
beach,7
returned,7
fallen,7
underground,7
eloi,7
box,7
thousands,7
motionless,7
dream,7
u.s,7
permission,7
distributing,7
ebooks,7
copies,7
provide,7
language,6
start,6
mankind,6
speak,6
silver,6
carefully,6
accepted,6
person,6
hair,6
“there,6
body,6
wait,6
fourth,6
direction,6
beginning,6
efforts,6
“now,6
hold,6
words,6
high,6
getting,6
“what,6
vague,6
suggested,6
account,6
cried,6
ivory,6
front,6
drew,6
pointed,6
wind,6
bare,6
impression,6
flickering,6
confusion,6
late,6
seven,6
quiet,6
mouth,6
warm,6
attention,6
read,6
waiting,6
started,6
reached,6
garden,6
afraid,6
convey,6
unpleasant,6
fall,6
twilight,6
hillside,6
contact,6
possible,6
absolute,6
turf,6
nearer,6
straight,6
reminded,6
used,6
sight,6
following,6
hitherto,6
levers,6
effort,6
import,6
seated,6
corner,6
watching,6
children,6
tired,6
discovered,6
distance,6
slope,6
valley,6
help,6
disappeared,6
close,6
comes,6
signs,6
limited,6
unless,6
fate,6
sometimes,6
slept,6
panels,6
stir,6
mystery,6
water,6
presence,6
machinery,6
theory,6
heat,6
outside,6
species,6
country,6
familiar,6
web,6
distribute,6
charge,6
distribution,6
comply,6
paid,6
tax,6
volunteers,6
convenient,5
matter,5
burnt,5
thickness,5
having,5
does,5
tendency,5
making,5
slight,5
difference,5
foolish,5
lips,5
evidently,5
pause,5
gently,5
recognised,5
certainly,5
smiled,5
himself,5
one’s,5
wild,5
wonder,5
metallic,5
tables,5
brass,5
low,5
watched,5
incredible,5
notice,5
pressed,5
pass,5
waste,5
breath,5
ghost,5
pipe,5
interval,5
thursday,5
common,5
led,5
corridor,5
dance,5
parts,5
complete,5
perfectly,5
showed,5
holding,5
perceived,5
considerable,5
previous,5
spirit,5
“at,5
surprise,5
doorway,5
word,5
“i’m,5
brighter,5
till,5
business,5
home,5
remained,5
startled,5
displayed,5
lived,5
writing,5
ceased,5
ten,5
falling,5
hazy,5
sensations,5
helpless,5
suggestion,5
spread,5
possession,5
civilisation,5
occurred,5
resolved,5
incontinently,5
hail,5
smoke,5
shape,5
carried,5
inhuman,5
distinct,5
wall,5
voices,5
heads,5
beauty,5
confidence,5
ease,5
flinging,5
danger,5
forgotten,5
staggered,5
knowledge,5
naturally,5
deserted,5
mass,5
generations,5
ways,5
heaps,5
fruits,5
fruit,5
lower,5
nevertheless,5
spite,5
cattle,5
particular,5
learn,5
name,5
slow,5
cries,5
calm,5
crest,5
planet,5
masses,5
yellow,5
horizon,5
truth,5
steadily,5
plants,5
leaving,5
current,5
hither,5
thither,5
support,5
restless,5
energy,5
weak,5
pain,5
folly,5
whose,5
circumstances,5
keep,5
horror,5
tree,5
land,5
path,5
reflection,5
safe,5
afternoon,5
best,5
carry,5
dreaded,5
nights,5
clambering,5
fingers,5
animals,5
edge,5
habit,5
museum,5
burning,5
killing,5
grass,5
provided,5
using,5
located,5
compliance,5
1.e.1,5
owner,5
medium,5
1.f.3,5
replacement,5
h,4
g,4
online,4
character,4
trap,4
brightly,4
flashed,4
paradox,4
geometry,4
expect,4
begin,4
admit,4
proceeded,4
call,4
provincial,4
mayor,4
manner,4
curious,4
proper,4
freedom,4
passing,4
velocity,4
miles,4
difficulty,4
time.”,4
savage,4
“it’s,4
show,4
object,4
“to,4
laughter,4
“in,4
money,4
discover,4
smiling,4
deep,4
passage,4
trick,4
scarcely,4
substance,4
scattered,4
legs,4
chair,4
singularly,4
seat,4
i’m,4
turning,4
flame,4
blown,4
indistinct,4
journey,4
visible,4
remarked,4
simple,4
plausible,4
tomorrow,4
broad,4
bench,4
sheets,4
easily,4
particularly,4
besides,4
absence,4
week,4
facing,4
coat,4
smile,4
remembered,4
brought,4
doing,4
recover,4
hot,4
resumed,4
curiosity,4
easy,4
smoking-room,4
lying,4
…,4
worn,4
afterwards,4
voice,4
actual,4
rail,4
putting,4
today,4
machines,4
skull,4
stopping,4
sensation,4
teeth,4
extreme,4
position,4
eddying,4
murmur,4
headlong,4
pace,4
painful,4
glimpse,4
circling,4
early,4
rise,4
fair,4
dials,4
flung,4
scarce,4
built,4
possibility,4
profound,4
blow,4
inevitable,4
purple,4
dancing,4
innumerable,4
colossal,4
sides,4
greatly,4
hour,4
passion,4
foul,4
tall,4
shining,4
frenzy,4
rich,4
emerged,4
frail,4
sweet,4
oddly,4
harsh,4
features,4
gesture,4
“for,4
art,4
fro,4
crowd,4
grotesque,4
places,4
later,4
mine,4
meaning,4
speedily,4
setting,4
thames,4
mile,4
ruinous,4
heap,4
walls,4
realised,4
houses,4
force,4
population,4
balanced,4
rarely,4
secure,4
palaces,4
true,4
destroy,4
fight,4
balance,4
attained,4
struggle,4
increasing,4
sunlight,4
removed,4
reach,4
covered,4
empty,4
slipped,4
blundering,4
terror,4
crept,4
loss,4
groping,4
fairly,4
reason,4
poor,4
probably,4
failed,4
arrival,4
block,4
flakes,4
peering,4
often,4
obtain,4
london,4
central,4
confess,4
specimens,4
fashion,4
heart,4
trouble,4
merely,4
dawn,4
blaze,4
ruin,4
sideways,4
ages,4
upperworld,4
live,4
flight,4
preserved,4
experience,4
descent,4
order,4
examined,4
strike,4
pattering,4
understood,4
refuge,4
heel,4
shoes,4
purpose,4
receive,4
approached,4
morlocks’,4
immediate,4
array,4
mace,4
sticks,4
flames,4
crawling,4
editions,4
creating,4
copying,4
mission,4
phrase,4
1.e.8,4
collection,4
individual,4
displaying,4
format,4
status,4
distributed,4
www.gutenberg.org,4
posted,4
holder,4
fees,4
providing,4
requirements,4
additional,4
site,4
damages,4
cost,3
included,3
english,3
contents,3
returns,3
usually,3
animated,3
points,3
ideas,3
“is,3
reasonable,3
mathematical,3
existence,3
breadth,3
cube,3
“of,3
solid,3
“don’t,3
flesh,3
latter,3
cigar,3
meant,3
dimension,3
"now,”",3
“well,3
finger,3
movement,3
staring,3
“are,3
backward,3
“my,3
mental,3
uniform,3
vividly,3
able,3
drift,3
turn,3
“one,3
battle,3
pockets,3
he’s,3
placed,3
candles,3
mantel,3
illuminated,3
“this,3
apparatus,3
twinkling,3
appearance,3
vanish,3
changed,3
damned,3
recovered,3
cheerfully,3
seriously,3
appreciate,3
asked,3
therewith,3
taking,3
incredulous,3
rock,3
quartz,3
serious,3
solemnly,3
suspected,3
subtle,3
touch,3
whom,3
friday,3
constant,3
five,3
daily,3
doctor,3
rang,3
noise,3
dusty,3
faded,3
chin,3
expression,3
drawn,3
suffering,3
dazzled,3
flickered,3
glance,3
dull,3
hoped,3
tattered,3
closed,3
interpretation,3
else,3
conversation,3
friend,3
raised,3
clothes,3
quietly,3
uncomfortable,3
dare,3
devoted,3
appetite,3
clumsy,3
i’ve,3
can’t,3
o’clock,3
weary,3
express,3
circle,3
lighted,3
knees,3
downward,3
workshop,3
cracked,3
bent,3
expected,3
starting,3
noted,3
gripped,3
thud,3
fainter,3
excessively,3
imminent,3
hopping,3
leaping,3
dashed,3
succession,3
wonderful,3
luminous,3
band,3
landscape,3
vapour,3
registered,3
swayed,3
year,3
swaying,3
futurity,3
fresh,3
appear,3
risk,3
finding,3
occupied,3
sitting,3
surrounded,3
beating,3
cloud,3
wet,3
distinctly,3
marble,3
chanced,3
disease,3
dreadful,3
dimly,3
seized,3
shafts,3
thunderstorm,3
swept,3
garments,3
retreat,3
courage,3
circular,3
group,3
clad,3
robes,3
approaching,3
graceful,3
indescribably,3
tongue,3
exquisite,3
shook,3
step,3
type,3
sharp,3
cheek,3
thin,3
lack,3
abruptly,3
hardly,3
limbs,3
rushed,3
delicate,3
created,3
profoundly,3
roof,3
partially,3
effect,3
extremely,3
material,3
bye,3
extinction,3
distant,3
gestures,3
amount,3
score,3
inclined,3
fatigued,3
“a,3
examining,3
friendly,3
summit,3
granite,3
bound,3
leaves,3
remains,3
structure,3
destined,3
sexes,3
family,3
violence,3
cupola,3
powers,3
corroded,3
rust,3
moss,3
cast,3
west,3
horizontal,3
agriculture,3
wane,3
engaged,3
outcome,3
process,3
makes,3
“after,3
science,3
gradually,3
effected,3
toil,3
increase,3
cause,3
active,3
survive,3
dangers,3
refined,3
wasting,3
require,3
die,3
numbers,3
chill,3
descend,3
tangle,3
throat,3
strides,3
dread,3
minutes,3
aloud,3
moonlit,3
fears,3
hidden,3
exact,3
method,3
fist,3
twigs,3
noises,3
child,3
despair,3
wore,3
impossible,3
touching,3
freshness,3
patient,3
hiding-place,3
wondering,3
exhausted,3
excitement,3
careful,3
examination,3
hasty,3
guesses,3
expense,3
gates,3
addition,3
missed,3
hills,3
rain,3
flaring,3
sees,3
subterranean,3
ventilation,3
conclusion,3
learnt,3
imagination,3
inaccessible,3
amid,3
tale,3
movements,3
company,3
gap,3
wide,3
appliances,3
bathing,3
pillars,3
clue,3
visit,3
presented,3
drifting,3
main,3
rescue,3
centre,3
delight,3
desolate,3
rate,3
“she,3
problems,3
childish,3
affection,3
passionate,3
enter,3
colourless,3
sombre,3
ghosts,3
hotter,3
assume,3
spots,3
halted,3
steadfastly,3
beneath,3
obscurity,3
dropped,3
monster,3
upper,3
overworlders,3
frame,3
largely,3
widening,3
increased,3
deeper,3
closing,3
adapted,3
pay,3
overworld,3
aristocracy,3
size,3
burst,3
boldly,3
farther,3
push,3
hooks,3
feared,3
clung,3
projecting,3
star,3
tunnel,3
throb,3
dimness,3
smell,3
run,3
shouted,3
escape,3
grasped,3
stayed,3
blinking,3
thirty,3
keeping,3
pit,3
mechanical,3
ones,3
wandered,3
judge,3
breeze,3
stillness,3
darkling,3
branches,3
forty,3
weapon,3
vestiges,3
north-eastward,3
surprised,3
sloping,3
cases,3
air-tight,3
traces,3
pieces,3
sorry,3
morlock,3
brutes,3
permitted,3
millions,3
crowbar,3
stems,3
beat,3
pulled,3
reddish,3
hillock,3
awake,3
property,3
meet,3
sweeping,3
marked,3
rocks,3
salt,3
westward,3
complying,3
derivative,3
please,3
entity,3
public,3
performing,3
check,3
links,3
paragraphs,3
1.e.7,3
1.e.9,3
official,3
user,3
royalty,3
applicable,3
donate,3
payments,3
4,3
defect,3
3,3
defective,3
equipment,3
disclaimer,3
liability,3
written,3
warranties,3
limitation,3
foundation's,3
anywhere,2
restrictions,2
whatsoever,2
re-use,2
2,2
updated,2
invention,2
introduction,2
ii,2
iii,2
iv,2
v,2
vi,2
vii,2
shock,2
viii,2
ix,2
x,2
xi,2
xii,2
xiii,2
xiv,2
vision,2
xv,2
xvi,2
epilogue,2
expounding,2
flushed,2
chairs,2
caressed,2
atmosphere,2
lean,2
taught,2
ask,2
accept,2
neither,2
"you,”",2
directions,2
incline,2
overlook,2
planes,2
unreal,2
former,2
consciousness,2
moves,2
spasmodic,2
remarkable,2
continued,2
“really,2
talk,2
"not,”",2
spoken,2
reference,2
angles,2
philosophical,2
professor,2
society,2
month,2
flat,2
represent,2
three-dimensional,2
see?”,2
“yes,2
transitory,2
results,2
fifteen,2
seventeen,2
sections,2
representations,2
fixed,2
required,2
scientific,2
weather,2
yesterday,2
upward,2
mercury,2
generally,2
therefore,2
"“but,”",2
“if,2
regarded,2
gravitation,2
there.”,2
“not,2
vertical,2
“still,2
sir,2
time-dimension,2
grave,2
fifty,2
earth’s,2
discovery,2
jump,2
staying,2
civilised,2
ultimately,2
way?”,2
contented,2
verify,2
“our,2
ancestors,2
greek,2
talked,2
experiment,2
faintly,2
finished,2
filby’s,2
collapsed,2
glittering,2
framework,2
clock,2
transparent,2
crystalline,2
explicit,2
dozen,2
brilliantly,2
nearest,2
appears,2
played,2
“well?”,2
plan,2
askew,2
disappear,2
satisfy,2
trickery,2
minute’s,2
sent,2
interminable,2
voyage,2
jumped,2
swung,2
reminiscence,2
tobacco,2
jar,2
“look,2
"here,”",2
time?”,2
stooping,2
lighting,2
psychologist’s,2
helped,2
indicated,2
reassured,2
“that’s,2
spinning,2
beheld,2
edition,2
nickel,2
filed,2
drawings,2
"machine,”",2
explore,2
believed,2
clever,2
shown,2
explained,2
mistake,2
judgment,2
china,2
possibilities,2
utter,2
similar,2
laid,2
half-past,2
naming,2
host,2
lead,2
seems,2
pity,2
bell,2
blank,2
shy,2
speculation,2
dinner-table,2
wider,2
cry,2
heavens,2
amazing,2
smeared,2
disordered,2
ghastly,2
half-healed,2
haggard,2
silence,2
expecting,2
painfully,2
wine,2
filled,2
champagne,2
comfortable,2
i’ll,2
starving,2
bit,2
“tell,2
staircase,2
lameness,2
pair,2
behaviour,2
“has,2
limping,2
completely,2
servants,2
plate,2
fork,2
suit,2
modest,2
meeting,2
guests,2
frankly,2
rolling,2
heaping,2
special,2
dressed,2
treat,2
stick,2
eat,2
won’t,2
convulsively,2
questions,2
usual,2
sheer,2
argue,2
tonight,2
refrain,2
interruptions,2
badly,2
bed,2
inadequacy,2
quality,2
incomplete,2
truly,2
tap,2
suicide,2
immediately,2
nightmare,2
intellect,2
mrs,2
watchett,2
seeing,2
rocket,2
supposed,2
destroyed,2
merged,2
greyness,2
brilliant,2
arch,2
fluctuating,2
stands,2
changing,2
dreams,2
speed,2
raced,2
belt,2
solstice,2
snow,2
brief,2
unable,2
confused,2
madness,2
series,2
impressions,2
rudimentary,2
architecture,2
mist,2
richer,2
flow,2
remain,2
slipping,2
molecule,2
whatever,2
intimate,2
result,2
prolonged,2
gust,2
forthwith,2
fool,2
thunder,2
hissing,2
rhododendron,2
hailstones,2
‘to,2
carved,2
rhododendrons,2
downpour,2
describe,2
columns,2
thinner,2
wings,2
verdigris,2
weather-worn,2
curtain,2
promise,2
crouching,2
grown,2
readjust,2
smote,2
aside,2
whirled,2
attitude,2
mount,2
curiously,2
opening,2
directed,2
shoulders,2
leading,2
sandals,2
distinguish,2
fragile,2
bearing,2
sign,2
pointing,2
tentacles,2
warn,2
pink,2
reaching,2
prettiness,2
faintest,2
cooing,2
hesitating,2
anticipated,2
disappointment,2
nodded,2
vivid,2
carrying,2
melodious,2
smothered,2
countless,2
astonishment,2
fretted,2
confident,2
irresistible,2
mysterious,2
variegated,2
phœnician,2
decorations,2
nineteenth-century,2
speech,2
plates,2
polished,2
cushions,2
themselves,2
stalks,2
openings,2
surveyed,2
leisure,2
pattern,2
curtains,2
couple,2
eating,2
strict,2
sheep,2
delightful,2
especially,2
perceive,2
attempt,2
grasp,2
chatter,2
amidst,2
substantives,2
doses,2
indolent,2
eager,2
beginnings,2
ended,2
portal,2
sunlit,2
continually,2
laugh,2
scene,2
glow,2
entirely,2
condition,2
aluminium,2
incapable,2
derelict,2
determine,2
stranger,2
“looking,2
rested,2
greenery,2
heels,2
flash,2
costume,2
plainly,2
resemblance,2
woman,2
institution,2
necessities,2
evil,2
offspring,2
efficient,2
“while,2
musing,2
attracted,2
existing,2
speculations,2
top,2
walking,2
adventure,2
recognise,2
pinkish,2
gold,2
proprietary,2
evidences,2
shaped,2
realise,2
consequence,2
logical,2
premium,2
deliberately,2
field,2
operations,2
weed,2
wholesome,2
greater,2
improve,2
breeding,2
intelligent,2
adjustment,2
fungi,2
everywhere,2
medicine,2
diseases,2
stay,2
affected,2
clothed,2
advertisement,2
guessed,2
inevitably,2
errors,2
arise,2
therein,2
fierce,2
jealousy,2
tenderness,2
conquest,2
weakness,2
necessary,2
survival,2
love,2
power,2
war,2
solitary,2
beasts,2
equipped,2
harmony,2
flourish,2
takes,2
artistic,2
died,2
keen,2
grindstone,2
gathering,2
mastered,2
checks,2
devised,2
diminished,2
theories,2
owl,2
leprous,2
blood,2
‘they,2
instinctively,2
answered,2
stirring,2
furiously,2
clutching,2
dismay,2
shelter,2
produced,2
clenched,2
knuckles,2
anguish,2
breaking,2
bawling,2
shaking,2
sorely,2
frightened,2
revive,2
moonlight,2
unexpected,2
crying,2
god,2
fatigue,2
wretchedness,2
anger,2
leaked,2
misery,2
woke,2
overnight,2
‘suppose,2
tools,2
desire,2
emotion,2
wasted,2
futile,2
jest,2
impulse,2
blind,2
perplexity,2
struggled,2
overturned,2
footprints,2
hollow,2
care,2
wish,2
dragging,2
hammering,2
gusty,2
slopes,2
vigil,2
hopeless,2
spent,2
complicated,2
avoided,2
concern,2
progress,2
explorations,2
sentences,2
undulating,2
serenity,2
gleam,2
steady,2
threw,2
scrap,2
fluttering,2
towers,2
flicker,2
system,2
difficult,2
contained,2
negro,2
railway,2
sensible,2
unseen,2
contributed,2
automatic,2
organisation,2
crematoria,2
range,2
remark,2
satisfaction,2
decadent,2
difficulties,2
complex,2
vestige,2
lacked,2
inscription,2
excellent,2
third,2
shallow,2
rubbing,2
gratitude,2
exploration,2
display,2
chiefly,2
calling,2
distress,2
gathered,2
tumult,2
apprehension,2
lesson,2
troubled,2
awakened,2
palps,2
dying,2
pallor,2
half-light,2
inky,2
scanned,2
twice,2
ape-like,2
eastern,2
notion,2
generation,2
hence,2
indefinite,2
search,2
unfamiliar,2
occur,2
renewed,2
inner,2
seeking,2
masonry,2
glaring,2
extent,2
advanced,2
pile,2
whether,2
pillar,2
retreated,2
descendants,2
bleached,2
obscene,2
nocturnal,2
suspect,2
wondered,2
solution,2
sport,2
pursued,2
“they,2
distressed,2
revolution,2
sliding,2
ventilating,2
hint,2
vaguely,2
caves,2
evident,2
sunshine,2
universal,2
artificial,2
splitting,2
proceeding,2
gradual,2
industry,2
practically,2
exclusive,2
education,2
due,2
higher,2
educational,2
class,2
promotion,2
pleasure,2
labour,2
refused,2
constituted,2
permanent,2
dreamed,2
working,2
fellow-man,2
books,2
modification,2
tears,2
shrinking,2
quarter,2
vermin,2
horribly,2
clamber,2
exploring,2
called,2
regarding,2
piece,2
kissing,2
parapet,2
climbing,2
leak,2
amazement,2
unstable,2
yards,2
cramped,2
weight,2
quick,2
aperture,2
disc,2
louder,2
oppressive,2
agony,2
swinging,2
trembling,2
unbroken,2
hum,2
striking,2
rayless,2
glared,2
stretched,2
shapes,2
heavy,2
lurking,2
wriggling,2
ourselves,2
economise,2
odour,2
disengaged,2
realisation,2
ignorance,2
clutched,2
protection,2
blindness,2
bewilderment,2
giddy,2
deadly,2
nausea,2
frightful,2
faintness,2
swam,2
insensible,2
discoveries,2
element,2
enemy,2
hypothesis,2
arrived,2
futility,2
possessed,2
service,2
ancient,2
departed,2
impressed,2
apace,2
thrust,2
brother,2
recall,2
differently,2
terrors,2
pinnacles,2
south-west,2
lame,2
“weena,2
hugely,2
occasionally,2
jacket,2
withered,2
unlike,2
dusk,2
expectation,2
darker,2
spreading,2
excitements,2
glad,2
constellations,2
traversed,2
unreasonable,2
break,2
feeble,2
food,2
rats,2
instinct,2
preserve,2
watchword,2
degradation,2
claim,2
perforce,2
contrive,2
contrivance,2
persuasion,2
bring,2
turfy,2
then—though,2
proved,2
“within,2
valves,2
covering,2
skeleton,2
extinct,2
bones,2
confirmed,2
south,2
fossils,2
staved,2
receded,2
library,2
sulphur,2
aisle,2
puzzles,2
“suddenly,2
stand,2
sufficient,2
suffer,2
restrained,2
charred,2
decaying,2
print,2
testified,2
eagerly,2
performed,2
original,2
escaped,2
sealed,2
smashed,2
accordingly,2
centuries,2
promised,2
cartridges,2
explosion,2
waned,2
consider,2
woods,2
thus,2
calamity,2
approach,2
calculated,2
sun’s,2
gives,2
vegetation,2
tongues,2
curved,2
accustomed,2
overhead,2
crackling,2
fumbled,2
backs,2
lump,2
stooped,2
dry,2
foliage,2
dead,2
breathed,2
slumbrous,2
clinging,2
death,2
monstrous,2
blows,2
starlight,2
hawthorn,2
subsiding,2
awful,2
moaning,2
smoking,2
ashes,2
lonely,2
viewed,2
committed,2
permanency,2
variety,2
forbidden,2
slid,2
fix,2
abominable,2
scramble,2
described,2
dial,2
given,2
dome,2
glowing,2
momentary,2
intensely,2
eternal,2
margin,2
incrustation,2
hillocks,2
crab,2
claws,2
ungainly,2
slime,2
monsters,2
million,2
red-hot,2
lifeless,2
eclipse,2
disk,2
sick,2
“no,2
it?”,2
not.”,2
“where,2
isn’t,2
them?”,2
squat,2
damaged,2
shared,2
you’ll,2
richardson,2
choose,2
mutual,2
file,2
files,2
formats,2
owns,2
paying,2
royalties,2
rules,2
protect,2
concept,2
research,2
printed,2
redistribution,2
promoting,2
available,2
1,2
redistributing,2
obtaining,2
1.c,2
1.e,2
domain,2
based,2
references,2
concerning,2
sentence,2
prominently,2
copied,2
contain,2
vanilla,2
ascii,2
specified,2
prepare,2
address,2
receipt,2
accordance,2
90,2
employees,2
computer,2
damage,2
warranty,2
costs,2
expenses,2
legal,2
breach,2
lieu,2
electronically,2
implied,2
b,2
readable,2
widest,2
computers,2
page,2
exempt,2
federal,2
contributions,2
office,2
fairbanks,2
locations,2
email,2
solicit,2
www.gutenberg.org/donate,2
www.gutenberg.net,1
title,1
author,1
release,1
october,1
2004,1
35,1
posting,1
january,1
14,1
2018,1
encoding,1
utf-8,1
recondite,1
twinkled,1
radiance,1
incandescent,1
lights,1
lilies,1
bubbles,1
glasses,1
patents,1
embraced,1
submitted,1
luxurious,1
after-dinner,1
runs,1
gracefully,1
trammels,1
precision,1
way—marking,1
forefinger—as,1
lazily,1
admired,1
earnestness,1
fecundity,1
controvert,1
universally,1
school,1
founded,1
misconception.”,1
upon?”,1
argumentative,1
nil,1
plane,1
abstractions.”,1
"right,”",1
“nor,1
existence.”,1
"object,”",1
exist,1
things—”,1
instantaneous,1
exist?”,1
“can,1
existence?”,1
pensive,1
"“clearly,”",1
“any,1
extension,1
and—duration,1
infirmity,1
draw,1
distinction,1
happens,1
intermittently,1
lives.”,1
"“that,”",1
relight,1
indeed.”,1
extensively,1
"overlooked,”",1
accession,1
cheerfulness,1
dimension?”,1
“_i,1
mathematicians,1
definable,1
asking,1
particularly—why,1
three?—and,1
construct,1
four-dimensional,1
simon,1
newcomb,1
york,1
similarly,1
models,1
four—if,1
master,1
perspective,1
"so,”",1
murmured,1
knitting,1
brows,1
lapsed,1
introspective,1
repeats,1
mystic,1
brightening,1
portrait,1
twenty-three,1
four-dimensioned,1
unalterable,1
“scientific,1
"people,”",1
assimilation,1
“know,1
popular,1
diagram,1
record,1
shows,1
barometer,1
surely,1
traced,1
conclude,1
time-dimension.”,1
coal,1
space?”,1
limits,1
"exactly,”",1
balloons.”,1
balloons,1
jumping,1
inequalities,1
movement.”,1
"down,”",1
“easier,1
easier,1
up.”,1
moment.”,1
dear,1
existences,1
immaterial,1
cradle,1
surface.”,1
"this,”",1
interrupted,1
’you,1
germ,1
recalling,1
incident,1
instant,1
occurrence,1
absent-minded,1
six,1
respect,1
balloon,1
accelerate,1
“oh,1
"this_,”",1
all—”,1
“why,1
not?”,1
"reason,”",1
reason?”,1
"argument,”",1
convince,1
me.”,1
“possibly,1
investigations,1
inkling,1
machine—”,1
time!”,1
exclaimed,1
indifferently,1
driver,1
determines.”,1
experimental,1
"verification,”",1
remarkably,1
"historian,”",1
hastings,1
instance!”,1
attract,1
attention?”,1
tolerance,1
anachronisms.”,1
homer,1
"plato,”",1
plough,1
little-go,1
german,1
scholars,1
improved,1
much.”,1
"future,”",1
“just,1
invest,1
accumulate,1
hurry,1
ahead!”,1
"society,”",1
“erected,1
strictly,1
communistic,1
basis.”,1
extravagant,1
theories!”,1
until—”,1
“experimental,1
verification!”,1
that_?”,1
experiment!”,1
brain-weary,1
“let’s,1
"anyhow,”",1
“though,1
humbug,1
know.”,1
trousers,1
slippers,1
shuffling,1
got?”,1
“some,1
sleight-of-hand,1
"other,”",1
conjuror,1
burslem,1
preface,1
anecdote,1
delicately,1
follows—unless,1
accepted—is,1
unaccountable,1
octagonal,1
hearthrug,1
shaded,1
candlesticks,1
sconces,1
arm-chair,1
fireplace,1
profile,1
alert,1
subtly,1
conceived,1
adroitly,1
"affair,”",1
resting,1
elbows,1
pressing,1
looks,1
unreal.”,1
“also,1
another.”,1
peered,1
beautifully,1
"made,”",1
"make,”",1
retorted,1
imitated,1
action,1
sends,1
gliding,1
reverses,1
represents,1
press,1
yourselves,1
quack.”,1
"“no,”",1
“lend,1
hand.”,1
individual’s,1
forefinger,1
eddy,1
gone—vanished,1
everyone,1
stupor,1
fill,1
earnest,1
"“certainly,”",1
spill,1
unhinged,1
uncut,1
there”—he,1
laboratory—“and,1
account.”,1
future?”,1
“into,1
past—i,1
which.”,1
inspiration,1
"anywhere,”",1
“why?”,1
“because,1
presume,1
forth!”,1
“serious,1
"objections,”",1
impartiality,1
"bit,”",1
presentation,1
threshold,1
diluted,1
presentation.”,1
"course,”",1
psychology,1
helps,1
delightfully,1
wheel,1
bullet,1
flying,1
gets,1
creates,1
one-fiftieth,1
one-hundredth,1
that’s,1
enough.”,1
vacant,1
"tonight,”",1
morning.”,1
“would,1
itself?”,1
draughty,1
silhouette,1
sawn,1
crystal,1
twisted,1
unfinished,1
trick—like,1
christmas?”,1
“upon,1
aloft,1
intend,1
life.”,1
winked,1
reserve,1
ingenuity,1
ambush,1
lucid,1
frankness,1
scepticism,1
motives,1
pork-butcher,1
whim,1
elements,1
distrusted,1
fame,1
tricks,1
deportment,1
aware,1
trusting,1
reputations,1
furnishing,1
nursery,1
eggshell,1
potentialities,1
minds,1
plausibility,1
practical,1
incredibleness,1
anachronism,1
preoccupied,1
discussing,1
linnæan,1
tübingen,1
stress,1
blowing-out,1
candle,1
richmond—i,1
guests—and,1
arriving,1
assembled,1
drawing-room,1
sheet,1
and—“it’s,1
we’d,1
dinner?”,1
“where’s——?”,1
“you’ve,1
unavoidably,1
detained,1
asks,1
note,1
says,1
he’ll,1
comes.”,1
"spoil,”",1
well-known,1
thereupon,1
attended,1
aforementioned,1
another—a,1
beard—whom,1
didn’t,1
observation,1
half-jocular,1
volunteered,1
wooden,1
“ingenious,1
trick”,1
witnessed,1
midst,1
exposition,1
“hallo!”,1
last!”,1
“good,1
what’s,1
matter?”,1
tableful,1
plight,1
dirty,1
sleeves,1
greyer—either,1
dirt,1
actually,1
it—a,1
limp,1
footsore,1
tramps,1
drained,1
man?”,1
disturb,1
faltering,1
articulation,1
right.”,1
draught,1
"good,”",1
cheeks,1
approval,1
wash,1
dress,1
mutton,1
meat.”,1
visitor,1
"presently,”",1
“i’m—funny,1
minute.”,1
padding,1
footfall,1
blood-stained,1
socks,1
detested,1
fuss,1
wool-gathering,1
“remarkable,1
eminent,1
"scientist,”",1
wont,1
headlines,1
“what’s,1
game?”,1
amateur,1
cadger,1
follow.”,1
upstairs,1
bell—the,1
hated,1
dinner—for,1
knife,1
grunt,1
exclamatory,1
gaps,1
wonderment,1
fervent,1
“does,1
eke,1
income,1
crossing,1
nebuchadnezzar,1
phases?”,1
inquired,1
objections,1
couldn’t,1
cover,1
he?”,1
resorted,1
caricature,1
hadn’t,1
clothes-brushes,1
price,1
joined,1
ridicule,1
journalist—very,1
joyous,1
irreverent,1
correspondent,1
"reports,”",1
saying—or,1
shouting—when,1
ordinary,1
"say,”",1
hilariously,1
“these,1
chaps,1
middle,1
rosebery,1
lot?”,1
reserved,1
“where’s,1
mutton?”,1
again!”,1
“story!”,1
“story,1
damned!”,1
peptone,1
arteries,1
thanks,1
salt.”,1
"word,”",1
“have,1
travelling?”,1
"“yes,”",1
nodding,1
“i’d,1
shilling,1
verbatim,1
"note,”",1
fingernail,1
poured,1
relieve,1
tension,1
anecdotes,1
hettie,1
potter,1
tramp,1
smoked,1
cigarette,1
eyelashes,1
drank,1
regularity,1
determination,1
nervousness,1
"apologise,”",1
greasy,1
plates.”,1
ringing,1
adjoining,1
dash,1
chose,1
machine?”,1
leaning,1
easy-chair,1
thing’s,1
"paradox,”",1
"will,”",1
true—every,1
shan’t,1
agreed?”,1
"“agreed,”",1
echoed,1
“agreed.”,1
keenness,1
pen,1
ink—and,1
inadequacy—to,1
attentively,1
speaker’s,1
sincere,1
intonation,1
turns,1
hearers,1
glanced,1
principles,1
travel-worn,1
finish,1
inch,1
remade,1
career,1
screws,1
drop,1
oil,1
rod,1
holds,1
pistol,1
feels,1
reel,1
tricked,1
traverse,1
shoot,1
dumb,1
confusedness,1
descended,1
switchback—of,1
anticipation,1
smash,1
flapping,1
wing,1
marking,1
scaffolding,1
conscious,1
slowest,1
snail,1
crawled,1
intermittent,1
darknesses,1
quarters,1
gaining,1
palpitation,1
continuous,1
deepness,1
jerking,1
streak,1
misty,1
puffs,1
changed—melting,1
flowing,1
consequently,1
spring,1
poignant,1
hysterical,1
exhilaration,1
attend,1
mind—a,1
dread—until,1
developments,1
advances,1
elusive,1
fluctuated,1
massive,1
glimmer,1
wintry,1
intermission,1
veil,1
mattered,1
attenuated—was,1
interstices,1
intervening,1
substances,1
involved,1
jamming,1
bringing,1
atoms,1
obstacle,1
chemical,1
reaction—possibly,1
far-reaching,1
explosion—would,1
dimensions—into,1
unavoidable,1
risk—one,1
risks,1
cheerful,1
insensibly,1
strangeness,1
sickly,1
jarring,1
upset,1
nerves,1
petulance,1
impatient,1
lugged,1
reeling,1
clap,1
stunned,1
pitiless,1
overset,1
mauve,1
blossoms,1
dropping,1
shower,1
rebounding,1
skin,1
‘fine,1
"hospitality,’",1
you.’,1
“presently,1
loomed,1
indistinctly,1
invisible,1
birch-tree,1
winged,1
vertically,1
hover,1
sightless,1
imparted,1
space—half,1
advance,1
recede,1
denser,1
tore,1
threadbare,1
lightening,1
temerity,1
withdrawn,1
cruelty,1
manliness,1
developed,1
unsympathetic,1
overwhelmingly,1
powerful,1
old-world,1
disgusting,1
likeness—a,1
slain,1
“already,1
shapes—huge,1
intricate,1
parapets,1
wooded,1
lessening,1
storm,1
panic,1
frantically,1
strove,1
trailing,1
summer,1
shreds,1
nothingness,1
picked,1
unmelted,1
piled,1
courses,1
naked,1
bird,1
knowing,1
hawk,1
swoop,1
grappled,1
fiercely,1
wrist,1
knee,1
desperate,1
onset,1
panting,1
heavily,1
recovery,1
prompt,1
fearfully,1
pathway,1
creature—perhaps,1
high—clad,1
tunic,1
girdled,1
waist,1
leather,1
buskins—i,1
which—were,1
noticing,1
“he,1
consumptive—that,1
hectic,1
regained,1
liquid,1
addressed,1
alarming,1
inspired,1
confidence—a,1
gentleness,1
childlike,1
ninepins,1
happily,1
unscrewed,1
communication,1
peculiarities,1
dresden,1
uniformly,1
curly,1
mouths,1
chins,1
mild,1
and—this,1
egotism,1
part—i,1
communicate,1
speaking,1
notes,1
quaintly,1
chequered,1
astonished,1
imitating,1
fools,1
incredibly,1
level,1
five-year-old,1
children—asked,1
suspended,1
vain,1
rendering,1
thunderclap,1
withdrew,1
bowed,1
chain,1
applause,1
laughingly,1
blossom,1
culture,1
someone,1
plaything,1
exhibited,1
edifice,1
anticipations,1
posterity,1
merriment,1
entry,1
portals,1
yawned,1
shadowy,1
tangled,1
neglected,1
weedless,1
spikes,1
measuring,1
waxen,1
petals,1
shrubs,1
examine,1
closely,1
richly,1
observe,1
carving,1
narrowly,1
suggestions,1
dingy,1
garlanded,1
soft-coloured,1
whirl,1
proportionately,1
glazed,1
coloured,1
unglazed,1
admitted,1
tempered,1
blocks,1
slabs—blocks,1
deeply,1
channelled,1
frequented,1
transverse,1
slabs,1
hypertrophied,1
raspberry,1
orange,1
“between,1
conductors,1
signing,1
likewise,1
ceremony,1
peel,1
loath,1
example,1
thirsty,1
hungry,1
dilapidated,1
stained-glass,1
geometrical,1
fractured,1
picturesque,1
dining,1
silky,1
“fruit,1
diet,1
vegetarians,1
carnal,1
cravings,1
frugivorous,1
horses,1
dogs,1
ichthyosaurus,1
season,1
there—a,1
floury,1
three-sided,1
husk—was,1
staple,1
“however,1
checked,1
resolute,1
interrogative,1
conveying,1
stare,1
inextinguishable,1
fair-haired,1
intention,1
repeated,1
attempts,1
caused,1
immense,1
genuine,1
uncivil,1
amusement,1
schoolmaster,1
persisted,1
noun,1
command,1
demonstrative,1
pronouns,1
verb,1
eat.’,1
interrogations,1
lessons,1
hosts,1
wander,1
toy,1
conversational,1
disregard,1
hunger,1
satisfied,1
gesticulated,1
devices,1
confusing,1
known—even,1
situated,1
shifted,1
a.d,1
recorded,1
splendour,1
world—for,1
labyrinth,1
precipitous,1
crumpled,1
pagoda-like,1
plants—nettles,1
possibly—but,1
wonderfully,1
tinted,1
stinging,1
experience—the,1
intimation,1
discovery—but,1
terrace,1
single,1
household,1
palace-like,1
cottage,1
characteristic,1
"“‘communism,’",1
half-dozen,1
hairless,1
visage,1
girlish,1
rotundity,1
limb,1
differences,1
texture,1
mark,1
alike,1
miniatures,1
parents,1
precocious,1
physically,1
verification,1
opinion,1
“seeing,1
softness,1
differentiation,1
occupations,1
militant,1
childbearing,1
becomes,1
blessing,1
necessity—indeed,1
necessity—for,1
specialisation,1
children’s,1
disappears,1
remind,1
reality,1
oddness,1
thread,1
miraculous,1
arm-rests,1
griffins’,1
flaming,1
crimson,1
burnished,1
steel,1
dotted,1
silvery,1
obelisk,1
hedges,1
rights,1
truth—or,1
facet,1
ruddy,1
sets,1
feebleness,1
ameliorating,1
life—the,1
civilising,1
secure—had,1
climax,1
projects,1
harvest,1
sanitation,1
stage,1
attacked,1
department,1
spreads,1
persistently,1
horticulture,1
cultivate,1
favourite,1
animals—and,1
are—gradually,1
selective,1
peach,1
seedless,1
grape,1
sweeter,1
flower,1
breed,1
ideals,1
tentative,1
organised,1
eddies,1
educated,1
co-operating,1
subjugation,1
wisely,1
vegetable,1
leapt,1
gnats,1
weeds,1
butterflies,1
flew,1
ideal,1
preventive,1
stamped,1
evidence,1
contagious,1
processes,1
putrefaction,1
changes,1
“social,1
triumphs,1
housed,1
shelters,1
gloriously,1
economical,1
shop,1
traffic,1
commerce,1
constitutes,1
paradise,1
adaptations,1
biological,1
vigour,1
hardship,1
weaker,1
loyal,1
alliance,1
capable,1
self-restraint,1
patience,1
decision,1
emotions,1
parental,1
self-devotion,1
justification,1
sentiment,1
arising,1
connubial,1
maternity,1
sorts,1
unnecessary,1
survivals,1
discords,1
slightness,1
strengthened,1
belief,1
energetic,1
vitality,1
alter,1
reaction,1
altered,1
“under,1
tendencies,1
desires,1
source,1
failure,1
help—may,1
hindrances—to,1
constitution,1
outlet,1
surgings,1
purposeless,1
settled,1
lived—the,1
peace,1
eroticism,1
languor,1
“even,1
impetus,1
away—had,1
adorn,1
sing,1
fade,1
inactivity,1
hateful,1
world—mastered,1
secret,1
delicious,1
succeeded,1
stationary,1
abandoned,1
enough—as,1
gibbous,1
overflow,1
north-east,1
noiseless,1
flitted,1
birch,1
chilled,1
complacency,1
"‘no,’",1
stoutly,1
‘that,1
lawn.’,1
conviction,1
lash,1
losing,1
grip,1
stanching,1
trickle,1
saying,1
way.’,1
certainty,1
excessive,1
assurance,1
cursed,1
thereby,1
“when,1
worst,1
faced,1
towered,1
mockery,1
consoled,1
imagining,1
dismayed,1
unsuspected,1
intervention,1
duplicate,1
attachment,1
levers—i,1
later—prevented,1
tampering,1
hid,1
startling,1
deer,1
gashed,1
bleeding,1
sobbing,1
raving,1
uneven,1
malachite,1
shin,1
inarticulate,1
splutter,1
flare,1
‘where,1
machine?’,1
angry,1
laying,1
reasoning,1
“abruptly,1
knocking,1
dining-hall,1
stumbling,1
maddened,1
hopelessly,1
kind—a,1
raved,1
screaming,1
weeping,1
sparrows,1
desertion,1
worst?’,1
lost—perhaps,1
behoves,1
materials,1
another.’,1
cunning,1
scrambled,1
bathe,1
stiff,1
travel-soiled,1
equal,1
questionings,1
conveyed,1
stolid,1
hardest,1
task,1
devil,1
begotten,1
ill,1
curbed,1
advantage,1
counsel,1
groove,1
ripped,1
midway,1
marks,1
removal,1
sloth,1
closer,1
highly,1
decorated,1
framed,1
rapped,1
discontinuous,1
frames,1
handles,1
keyholes,1
infer,1
inside,1
orange-clad,1
blossom-covered,1
apple-trees,1
beckoned,1
behaved,1
grossly,1
improper,1
delicate-minded,1
woman—it,1
insult,1
sweet-looking,1
chap,1
ashamed,1
temper,1
robe,1
repugnance,1
beaten,1
banged,1
inside—to,1
chuckle—but,1
mistaken,1
pebble,1
hammered,1
flattened,1
coil,1
powdery,1
outbreaks,1
furtively,1
occidental,1
inactive,1
twenty-four,1
hours—that,1
aimlessly,1
"‘patience,’",1
‘if,1
wrecking,1
sit,1
puzzle,1
lies,1
monomania,1
clues,1
all.’,1
humour,1
situation,1
study,1
anxiety,1
although,1
“going,1
tolerably,1
avoidance,1
abstain,1
pursuit,1
footing,1
simple—almost,1
exclusively,1
composed,1
concrete,1
verbs,1
abstract,1
figurative,1
simplest,1
propositions,1
tethered,1
exuberant,1
richness,1
climbed,1
abundance,1
endlessly,1
varied,1
style,1
clustering,1
thickets,1
evergreens,1
blossom-laden,1
ferns,1
feature,1
depth,1
walk,1
rimmed,1
wrought,1
shafted,1
thud—thud—thud,1
engine,1
sucked,1
connect,1
sun-scorched,1
extensive,1
associate,1
sanitary,1
obvious,1
drains,1
bells,1
modes,1
conveyance,1
conveniences,1
visions,1
utopias,1
detail,1
arrangements,1
details,1
realities,1
conceive,1
africa,1
tribe,1
companies,1
telephone,1
telegraph,1
wires,1
parcels,1
delivery,1
postal,1
orders,1
willing,1
untravelled,1
apprehend,1
sepulture,1
suggestive,1
tombs,1
cemeteries,1
somewhere,1
explorings,1
defeated,1
aged,1
infirm,1
endure,1
explored,1
dining-halls,1
apartments,1
fabrics,1
renewal,1
undecorated,1
metalwork,1
creative,1
shops,1
workshops,1
importations,1
playing,1
half-playful,1
waterless,1
felt—how,1
interpolated,1
letters,1
friend—of,1
sort,1
cramp,1
downstream,1
strongly,1
moderate,1
swimmer,1
deficiency,1
slightest,1
weakly,1
drowning,1
hurriedly,1
wading,1
mite,1
estimate,1
returning,1
garland,1
flowers—evidently,1
appreciation,1
gift,1
arbour,1
smiles,1
creature’s,1
friendliness,1
child’s,1
kissed,1
hers,1
appropriate,1
friendship,1
lasted,1
ended—as,1
tire,1
plaintively,1
miniature,1
flirtation,1
expostulations,1
parting,1
frantic,1
devotion,1
cling,1
inflicted,1
seeming,1
fond,1
showing,1
cared,1
doll,1
neighbourhood,1
tiny,1
fearless,1
oddest,1
threatening,1
grimaces,1
observing,1
droves,1
blockhead,1
insisted,1
slumbering,1
multitudes,1
triumphed,1
acquaintance,1
pillowed,1
slips,1
dreaming,1
disagreeably,1
drowned,1
anemones,1
greyish,1
chamber,1
flagstones,1
virtue,1
sunrise,1
mingled,1
cheerless,1
quickly,1
leash,1
uncertain,1
early-morning,1
known,1
doubted,1
colouring,1
keenly,1
"ghosts,’",1
‘i,1
whence,1
dated.’,1
grant,1
allen’s,1
amused,1
argued,1
overcrowded,1
unsatisfying,1
substitute,1
deadlier,1
cooling,1
younger,1
darwin,1
forget,1
planets,1
parent,1
catastrophes,1
suffered,1
morning—my,1
think—as,1
fed,1
blocked,1
contrast,1
brilliancy,1
impenetrably,1
swim,1
spellbound,1
instinctive,1
eyeballs,1
overcoming,1
ill-controlled,1
darted,1
blundered,1
ruined,1
imperfect,1
greyish-red,1
flaxen,1
fours,1
forearms,1
instant’s,1
well-like,1
shudder,1
spider,1
rests,1
forming,1
ladder,1
burned,1
succeed,1
persuading,1
dawned,1
differentiated,1
sole,1
heir,1
lemur,1
scheme,1
related,1
withal,1
amorous,1
male,1
female,1
considered,1
bad,1
apertures,1
visibly,1
interested,1
amuse,1
economic,1
“here,1
emergence,1
long-continued,1
dark—the,1
fish,1
kentucky,1
capacity,1
reflecting,1
things—witness,1
cat,1
fumbling,1
awkward,1
carriage,1
light—all,1
reinforced,1
sensitiveness,1
retina,1
“beneath,1
tunnelled,1
enormously,1
tunnellings,1
habitat,1
slopes—everywhere,1
valley—showed,1
ramifications,1
anticipate,1
temporary,1
capitalist,1
labourer,1
key,1
you—and,1
wildly,1
incredible!—and,1
utilise,1
ornamental,1
purposes,1
metropolitan,1
electric,1
railways,1
subways,1
workrooms,1
restaurants,1
multiply,1
birthright,1
factories,1
spending,1
still-increasing,1
end—,1
east-end,1
worker,1
“again,1
people—due,1
refinement,1
gulf,1
rude,1
poor—is,1
portions,1
prettier,1
shut,1
intrusion,1
gulf—which,1
facilities,1
temptations,1
habits,1
rich—will,1
exchange,1
intermarriage,1
retards,1
lines,1
stratification,1
frequent,1
haves,1
pursuing,1
have-nots,1
workers,1
rent,1
caverns,1
starve,1
suffocated,1
arrears,1
miserable,1
rebellious,1
survivors,1
happy,1
theirs,1
etiolated,1
moral,1
co-operation,1
imagined,1
armed,1
perfected,1
industrial,1
cicerone,1
utopian,1
supposition,1
zenith,1
too-perfect,1
degeneration,1
dwindling,1
undergrounders,1
morlocks—that,1
called—i,1
"‘eloi,’",1
troublesome,1
doubts,1
masters,1
restore,1
terribly,1
disappointed,1
answer,1
topic,1
unendurable,1
harshly,1
concerned,1
banishing,1
inheritance,1
clapping,1
new-found,1
manifestly,1
pallid,1
bodies,1
half-bleached,1
worms,1
zoological,1
filthily,1
sympathetic,1
influence,1
disgust,1
health,1
oppressed,1
definite,1
noiselessly,1
moonlight—that,1
them—and,1
appearances,1
whitened,1
lemurs,1
replaced,1
shirks,1
duty,1
penetrating,1
mysteries,1
companion,1
appalled,1
restlessness,1
insecurity,1
afield,1
expeditions,1
south-westward,1
combe,1
observed,1
far-off,1
banstead,1
largest,1
façade,1
oriental,1
lustre,1
pale-green,1
tint,1
bluish-green,1
chinese,1
aspect,1
minded,1
tiring,1
circuit,1
welcome,1
caresses,1
self-deception,1
enable,1
shirk,1
“little,1
danced,1
strangely,1
disconcerted,1
‘good-bye,1
"weena,’",1
piteous,1
pull,1
opposition,1
nerved,1
proceed,1
roughly,1
agonised,1
reassure,1
smaller,1
lighter,1
acutely,1
glancing,1
projection,1
thudding,1
discomfort,1
relief,1
slender,1
loophole,1
lie,1
ached,1
distressing,1
pumping,1
arroused,1
snatched,1
retreating,1
impenetrable,1
abnormally,1
sensitive,1
pupils,1
abysmal,1
fishes,1
reflected,1
apart,1
fled,1
vanishing,1
gutters,1
tunnels,1
strangest,1
unaided,1
‘you,1
"now,’",1
arched,1
cavern,1
“necessarily,1
spectral,1
sheltered,1
stuffy,1
halitus,1
freshly-shed,1
vista,1
meal,1
carnivorous,1
survived,1
furnish,1
joint,1
unmeaning,1
stung,1
spot,1
ill-equipped,1
absurd,1
assumption,1
infinitely,1
ahead,1
smoke—at,1
frightfully!—even,1
kodak,1
weapons,1
endowed,1
with—hands,1
safety-matches,1
store,1
astonishing,1
novelty,1
lank,1
beings,1
plucking,1
clothing,1
loudly,1
whispering,1
again—rather,1
discordantly,1
alarmed,1
eking,1
rustling,1
hurried,1
mistaking,1
haul,1
waved,1
nauseatingly,1
looked—those,1
chinless,1
lidless,1
pinkish-grey,1
eyes!—as,1
pump,1
tugged,1
kicking,1
clutches,1
wretch,1
well-nigh,1
secured,1
boot,1
trophy,1
climb,1
twenty,1
greatest,1
well-mouth,1
blinding,1
soil,1
smelt,1
clean,1
worse,1
night’s,1
sustaining,1
ultimate,1
impeded,1
simplicity,1
forces,1
overcome,1
sickening,1
morlocks—a,1
malign,1
loathed,1
beast,1
incomprehensible,1
remarks,1
guess,1
degree,1
villainy,1
favoured,1
resulted,1
evolution,1
relationship,1
carlovignan,1
kings,1
decayed,1
sufferance,1
daylit,1
intolerable,1
inferred,1
maintained,1
habitual,1
horse,1
paws,1
enjoys,1
organism,1
reversed,1
nemesis,1
back—changed,1
begun,1
anew,1
becoming,1
reacquainted,1
floated,1
stirred,1
meditations,1
ours,1
ripe,1
prime,1
paralyse,1
defend,1
delay,1
fastness,1
base,1
realising,1
exposed,1
shuddered,1
commended,1
practicable,1
dexterous,1
climbers,1
reckoned,1
eighteen,1
moist,1
distances,1
deceptively,1
nail,1
sole—they,1
indoors—so,1
silhouetted,1
delighted,1
desired,1
darting,1
pick,1
concluded,1
eccentric,1
vases,1
floral,1
decoration,1
utilised,1
reminds,1
found…”,1
paused,1
silently,1
mallows,1
narrative,1
hush,1
wimbledon,1
contrived,1
stops,1
senses,1
preternaturally,1
sharpened,1
hollowness,1
ant-hill,1
invasion,1
burrows,1
declaration,1
deepened,1
tightly,1
waded,1
opposite,1
statue—a,1
faun,1
minus,1
acacias,1
hours,1
“from,1
brow,1
tired—my,1
sore—i,1
lowered,1
hide,1
dense,1
danger—a,1
upon—there,1
roots,1
stumble,1
tree-boles,1
decided,1
asleep,1
wrapped,1
moonrise,1
imperceptible,1
lifetimes,1
rearranged,1
groupings,1
milky,1
streamer,1
star-dust,1
yore,1
southward,1
sirius,1
scintillating,1
kindly,1
dwarfed,1
troubles,1
gravities,1
terrestrial,1
unfathomable,1
precessional,1
cycle,1
pole,1
describes,1
revolutions,1
activity,1
traditions,1
organisations,1
nations,1
languages,1
literatures,1
aspirations,1
ancestry,1
shiver,1
starlike,1
dismissed,1
“through,1
whiled,1
dozed,1
eastward,1
peaked,1
overtaking,1
overflowing,1
swollen,1
ankle,1
forbidding,1
wherewith,1
dainty,1
bottom,1
pitied,1
rill,1
flood,1
long-ago,1
such-like,1
discriminating,1
was—far,1
monkey,1
prejudice,1
deep-seated,1
sons,1
men——,1
cannibal,1
torment,1
fatted,1
ant-like,1
preyed,1
upon—probably,1
rigorous,1
punishment,1
selfishness,1
content,1
labours,1
excuse,1
fullness,1
carlyle-like,1
scorn,1
wretched,1
sympathy,1
sharer,1
pursue,1
procure,1
torch,1
arrange,1
battering,1
ram,1
schemes,1
chosen,1
dwelling,1
noon,1
ragged,1
estuary,1
creek,1
wandsworth,1
battersea,1
thought—of,1
happening,1
foolishly,1
interpret,1
door—which,1
broken—we,1
customary,1
tiled,1
miscellaneous,1
objects,1
shrouded,1
gaunt,1
oblique,1
megatherium,1
rain-water,1
barrel,1
brontosaurus,1
shelves,1
clearing,1
preservation,1
“clearly,1
latter-day,1
kensington,1
palæontological,1
bacteria,1
ninety-nine,1
hundredths,1
sureness,1
slowness,1
treasures,1
threaded,1
strings,1
reeds,1
instances,1
bodily,1
removed—by,1
deadened,1
footsteps,1
urchin,1
monument,1
preoccupation,1
deal,1
palæontology,1
historical,1
galleries,1
vastly,1
interesting,1
spectacle,1
old-time,1
geology,1
transversely,1
minerals,1
gunpowder,1
saltpetre,1
nitrates,1
doubtless,1
deliquesced,1
train,1
specialist,1
mineralogy,1
parallel,1
history,1
recognition,1
shrivelled,1
blackened,1
stuffed,1
desiccated,1
mummies,1
jars,1
readjustments,1
proportions,1
ill-lit,1
angle,1
intervals,1
globes,1
ceiling—many,1
smashed—which,1
originally,1
artificially,1
bulks,1
linger,1
vaguest,1
solve,1
sloped,1
footnote,1
hill.—ed,1
slit-like,1
‘area‘,1
puzzling,1
intent,1
diminution,1
apprehensions,1
revived,1
academic,1
projected,1
signal-box,1
grasping,1
whimper,1
correctly,1
snapped,1
strain,1
rejoined,1
encounter,1
longed,1
kill,1
disinclination,1
slake,1
thirst,1
murder,1
military,1
chapel,1
flags,1
rags,1
semblance,1
warped,1
boards,1
clasps,1
moralised,1
ambition,1
keenest,1
enormous,1
wilderness,1
rotting,1
transactions,1
papers,1
optics,1
technical,1
chemistry,1
useful,1
damp,1
"‘dance,’",1
carpeting,1
composite,1
whistling,1
leal,1
cancan,1
skirt,1
tail-coat,1
inventive,1
wear,1
immemorial,1
fortunate,1
unlikelier,1
chance,1
hermetically,1
paraffin,1
wax,1
unmistakable,1
volatile,1
sepia,1
painting,1
ink,1
fossil,1
belemnite,1
perished,1
fossilised,1
throw,1
inflammable,1
flame—was,1
candle—and,1
explosives,1
helpful,1
elated,1
rusting,1
hatchet,1
sword,1
guns,1
pistols,1
rifles,1
powder,1
rotted,1
shattered,1
idols—polynesian,1
mexican,1
grecian,1
yielding,1
wrote,1
nose,1
steatite,1
america,1
exhibits,1
lignite,1
fresher,1
tin,1
merest,1
accident,1
dynamite,1
‘eureka!’,1
joy,1
selecting,1
essay,1
dummies,1
chances,1
non-existence,1
court,1
turfed,1
fruit-trees,1
refreshed,1
defences,1
morlocks—i,1
needed,1
refrained,1
forcing,1
inadequate,1
“we,1
ere,1
purposed,1
pushing,1
dried,1
litter,1
loaded,1
sleepiness,1
shrubby,1
fearing,1
singular,1
impending,1
served,1
warning,1
onward,1
feverish,1
irritable,1
scrub,1
insidious,1
safer,1
resting-place,1
abandon,1
firewood,1
reluctantly,1
amaze,1
friends,1
atrocious,1
ingenious,1
temperate,1
climate,1
burn,1
focused,1
dewdrops,1
tropical,1
districts,1
lightning,1
blast,1
blacken,1
widespread,1
smoulder,1
fermentation,1
decadence,1
fire-making,1
licking,1
play,1
herself,1
struggles,1
plunged,1
crowded,1
adjacent,1
avoid,1
rustle,1
blood-vessels,1
grimly,1
tug,1
scratched,1
fizzed,1
prepared,1
fright,1
breathe,1
split,1
flared,1
knelt,1
lifted,1
fainted,1
manœuvring,1
sweat,1
rapidly,1
build,1
encamp,1
bole,1
collecting,1
carbuncles,1
forms,1
blinded,1
grind,1
whoop,1
bonfire,1
casting,1
choking,1
smoky,1
moreover,1
replenishing,1
exertion,1
nod,1
match-box,1
and—it,1
bitterness,1
soul,1
heaped,1
spider’s,1
overpowered,1
nipping,1
rolled,1
succulent,1
giving,1
bone,1
exultation,1
accompany,1
fighting,1
pitch,1
me—three,1
battered,1
feet—and,1
incessant,1
stream,1
agape,1
spark,1
roar,1
“stepping,1
explosive,1
outflanked,1
weird,1
tumulus,1
surmounted,1
scorched,1
writhing,1
encircling,1
fence,1
crippling,1
moans,1
helplessness,1
“yet,1
quivering,1
elude,1
somewhat,1
happen,1
uncanny,1
coiling,1
uprush,1
streamed,1
tatters,1
canopy,1
belonged,1
universe,1
fists,1
persuaded,1
screamed,1
thrice,1
rush,1
streaming,1
whitening,1
blackening,1
stumps,1
diminishing,1
searched,1
relieved,1
massacre,1
abominations,1
island,1
haze,1
bearings,1
remnant,1
souls,1
clearer,1
tied,1
limped,1
pulsated,1
internally,1
intensest,1
overwhelming,1
sorrow,1
again—terribly,1
fireside,1
thoughts,1
longing,1
trouser,1
“about,1
nine,1
conclusions,1
bitterly,1
magnificent,1
fertile,1
banks,1
gay,1
saved,1
stab,1
blots,1
cupolas,1
enemies,1
grieved,1
hopes—to,1
safety,1
wealth,1
toiler,1
unemployed,1
unsolved,1
versatility,1
compensation,1
environment,1
appeals,1
useless,1
partake,1
drifted,1
perfection—absolute,1
feeding,1
disjointed,1
mother,1
retained,1
initiative,1
mortal,1
wit,1
invent,1
fatigues,1
grief,1
tranquil,1
sleepy,1
theorising,1
dozing,1
catching,1
refreshing,1
awoke,1
sunsetting,1
napping,1
stretching,1
grooves,1
apartment,1
elaborate,1
preparations,1
siege,1
meek,1
surrender,1
suppressing,1
inclination,1
stepped,1
oiled,1
cleaned,1
clang,1
dark—trapped,1
chuckled,1
gleefully,1
murmuring,1
calmly,1
depart,1
overlooked,1
persistent,1
studs,1
fitted,1
butt,1
head—i,1
morlock’s,1
ring—to,1
sickness,1
properly,1
vibrated,1
unheeding,1
amazed,1
records,1
reversing,1
indicators,1
seconds,1
watch—into,1
palpitating,1
prodigious,1
velocity—the,1
indicative,1
alternations,1
stretch,1
brooded,1
comet,1
set—it,1
broader,1
glowed,1
reverted,1
sullen,1
slowing,1
tidal,1
drag,1
cautiously,1
reverse,1
scale,1
outlines,1
indian,1
starless,1
south-eastward,1
scarlet,1
hull,1
south-eastern,1
lichen,1
perpetual,1
wan,1
breakers,1
waves,1
oily,1
swell,1
gentle,1
broke,1
salt—pink,1
lurid,1
oppression,1
mountaineering,1
rarefied,1
“far,1
scream,1
butterfly,1
slanting,1
dismal,1
firmly,1
crab-like,1
yonder,1
uncertainly,1
antennæ,1
carters’,1
whips,1
waving,1
stalked,1
gleaming,1
corrugated,1
ornamented,1
bosses,1
greenish,1
blotched,1
sinister,1
apparition,1
tickling,1
fly,1
brush,1
ear,1
threadlike,1
qualm,1
antenna,1
alive,1
algal,1
descending,1
dozens,1
foliated,1
desolation,1
northward,1
stony,1
slow-stirring,1
poisonous-looking,1
lichenous,1
hurts,1
lungs,1
appalling,1
sun—a,1
duller—the,1
earthy,1
crustacea,1
fascination,1
duller,1
ebb,1
obscure,1
tenth,1
multitude,1
crabs,1
livid,1
liverworts,1
lichens,1
flecked,1
bitter,1
assailed,1
sable,1
fringes,1
ice,1
expanse,1
ocean,1
bloody,1
unfrozen,1
indefinable,1
sandbank,1
flopping,1
bank,1
deceived,1
twinkle,1
outline,1
concavity,1
bay,1
curve,1
aghast,1
transit,1
freshening,1
gusts,1
east,1
showering,1
ripple,1
whisper,1
bleating,1
birds,1
insects,1
background,1
lives—all,1
thickened,1
peaks,1
marrow,1
overcame,1
bow,1
shoal—there,1
thing—against,1
football,1
bigger,1
trailed,1
weltering,1
blood-red,1
fitfully,1
fainting,1
terrible,1
sustained,1
clambered,1
contours,1
ebbed,1
flowed,1
spun,1
zero,1
slackened,1
starting-point,1
flapped,1
slowed,1
inversion,1
glided,1
foremost,1
previously,1
hillyer,1
shakily,1
trembled,1
calmer,1
around,1
south-east,1
north-west,1
brain,1
stagnant,1
begrimed,1
pall,1
mall,1
gazette,1
timepiece,1
clatter,1
hesitated—i,1
sniffed,1
washed,1
dined,1
"know,”",1
adventures.”,1
lie—or,1
prophecy,1
speculating,1
destinies,1
hatched,1
fiction,1
assertion,1
stroke,1
enhance,1
nervously,1
grate,1
creak,1
scrape,1
carpet,1
audience,1
absorbed,1
contemplation,1
cigar—the,1
sixth,1
sigh,1
you’re,1
writer,1
stories!”,1
“well——”,1
matches?”,1
puffing,1
yet...”,1
mute,1
inquiry,1
scars,1
gynæceum’s,1
"odd,”",1
leant,1
specimen,1
hanged,1
"one,”",1
“how,1
home?”,1
“plenty,1
cabs,1
"station,”",1
"thing,”",1
“certainly,1
eluded,1
precious,1
times—but,1
fit,1
one!”,1
ugly,1
ebony,1
translucent,1
glimmering,1
touch—for,1
it—and,1
smears,1
bits,1
awry,1
cold.”,1
hesitation,1
overwork,1
good-night,1
cab,1
“gaudy,1
lie.”,1
fantastic,1
credible,1
sober,1
substantial-looking,1
bough,1
shaken,1
instability,1
meddle,1
camera,1
knapsack,1
elbow,1
shake,1
frightfully,1
"busy,”",1
“with,1
hoax?”,1
“do,1
do.”,1
"hour,”",1
awfully,1
there’s,1
magazines,1
lunch,1
prove,1
hilt,1
forgive,1
now?”,1
consented,1
comprehending,1
slam,1
lunch-time,1
publisher,1
barely,1
engagement,1
handle,1
exclamation,1
truncated,1
click,1
ghostly,1
whirling,1
moment—a,1
phantasm,1
rubbed,1
pane,1
skylight,1
man-servant,1
mr,1
——,1
here.”,1
disappointing,1
photographs,1
lifetime,1
everybody,1
knows,1
blood-drinking,1
hairy,1
savages,1
unpolished,1
abysses,1
cretaceous,1
saurians,1
reptilian,1
jurassic,1
now—if,1
phrase—be,1
wandering,1
plesiosaurus-haunted,1
oolitic,1
coral,1
reef,1
saline,1
seas,1
triassic,1
riddles,1
wearisome,1
solved,1
manhood,1
fragmentary,1
discord,1
man’s,1
culminating,1
know—for,1
discussed,1
made—thought,1
cheerlessly,1
advancement,1
makers,1
blank—is,1
casual,1
flowers—shrivelled,1
brittle—to,1
witness,1
named,1
35-0.txt,1
35-0.zip,1
various,1
http://www.gutenberg.org/3/35,1
replace,1
one--the,1
renamed,1
apply,1
specific,1
creation,1
reports,1
performances,1
modified,1
away--you,1
subject,1
commercial,1
www.gutenberg.org/license,1
1.a,1
reading,1
indicate,1
trademark/copyright,1
abide,1
cease,1
1.b,1
lot,1
pglaf,1
compilation,1
unprotected,1
prevent,1
sharing,1
attached,1
share,1
1.d,1
govern,1
countries,1
downloading,1
whenever,1
accessed,1
you'll,1
1.e.2,1
derived,1
texts,1
indicating,1
charges,1
appearing,1
1.e.3,1
imposed,1
linked,1
1.e.4,1
unlink,1
detach,1
remove,1
containing,1
1.e.5,1
perform,1
redistribute,1
1.e.6,1
convert,1
binary,1
compressed,1
nonproprietary,1
processing,1
hypertext,1
version,1
exporting,1
request,1
alternate,1
include,1
viewing,1
20,1
gross,1
profits,1
derive,1
calculate,1
taxes,1
owed,1
agreed,1
60,1
legally,1
periodic,1
notifies,1
e-mail,1
30,1
s/he,1
discontinue,1
reported,1
llc,1
1.f,1
1.f.1,1
expend,1
identify,1
transcribe,1
proofread,1
despite,1
stored,1
defects,1
inaccurate,1
corrupt,1
data,1
transcription,1
infringement,1
virus,1
codes,1
1.f.2,1
party,1
disclaim,1
remedies,1
negligence,1
contract,1
distributor,1
liable,1
direct,1
indirect,1
consequential,1
punitive,1
incidental,1
receiving,1
sending,1
elect,1
opportunity,1
demand,1
opportunities,1
1.f.4,1
as-is,1
merchantability,1
fitness,1
1.f.5,1
allow,1
disclaimers,1
exclusion,1
types,1
violates,1
interpreted,1
maximum,1
invalidity,1
unenforceability,1
provision,1
void,1
remaining,1
provisions,1
1.f.6,1
indemnity,1
indemnify,1
agent,1
employee,1
production,1
harmless,1
directly,1
indirectly,1
alteration,1
additions,1
deletions,1
c,1
synonymous,1
obsolete,1
middle-aged,1
exists,1
hundreds,1
walks,1
financial,1
assistance,1
critical,1
gutenberg-tm's,1
goals,1
ensuring,1
2001,1
non,1
profit,1
501(c)(3,1
corporation,1
organized,1
mississippi,1
granted,1
internal,1
revenue,1
ein,1
identification,1
64-6221541,1
deductible,1
state's,1
principal,1
alaska,1
mailing,1
po,1
750175,1
ak,1
99775,1
throughout,1
numerous,1
809,1
north,1
1500,1
lake,1
city,1
ut,1
84116,1
801,1
596-1887,1
www.gutenberg.org/contact,1
dr,1
gregory,1
newby,1
chief,1
executive,1
director,1
gbnewby@pglaf.org,1
depends,1
licensed,1
accessible,1
outdated,1
"5,000",1
important,1
maintaining,1
irs,1
regulating,1
charities,1
charitable,1
50,1
paperwork,1
confirmation,1
send,1
solicitation,1
prohibition,1
accepting,1
unsolicited,1
donors,1
offers,1
international,1
gratefully,1
statements,1
treatment,1
swamp,1
staff,1
pages,1
donation,1
methods,1
addresses,1
credit,1
card,1
5,1
michael,1
s,1
hart,1
originator,1
network,1
volunteer,1
necessarily,1
pg,1
facility,1
includes,1
produce,1
subscribe,1
newsletter,1
